City,CompanyName,Rating,Reviews,Address,PhoneNumber,WebsiteURL
Gujranwala,Aroush IT Lab,4.5,-43,48-C Block? Trust Plaza,0313 7493888,
Gujranwala,IvisionsTech Software House ( SEO | Website & App Design And Development | Website Hosting | Graphics Designers | App | Web),5,-78,"2nd Floor, 672-B, near Mohsin Saeed Fabrics, near Billa Chowk",0321 6661363,http://ivisionstech.com/
Gujranwala,Bestosoft | Best software House in Gujranwala,5,-3,"558X+48V, Pasrur Rd",0309 7150035,http://bestosoft.co/
Gujranwala,Innovate Technologies Pakistan,5,-124,·,0312 2879500,https://innovate.com.pk/
Gujranwala,SyncOps,5,-54,"Mumtaz Market, GT Rd, opposite Chaseup Shopping Mall",0301 8678319,https://www.syncops.tech/
Gujranwala,Dev Valley Software House and Incubation Centre,5,-78,,,https://web.facebook.com/devvalley001
Gujranwala,Developers Roots Private Limited,4.9,-12,"Office #3 ,1st floor, Super Golden Plaza, main GT Rd, opposite trust Plaza",,http://www.developersroots.com/
Gujranwala,auxilium.digital,4.9,-16,"c, 365 C block",(055) 4242035,http://auxilium.digital/
Gujranwala,ITS Tech World - Software Company,4.8,-50,"Office# 23, First Floor, T Block, Trust Plaza",0321 6472001,http://www.itstechworld.com/
Gujranwala,BestTech Software House|IT Training Center,5,-4,Main Disposal Rd,0300 6413163,
Gujranwala,Greenzay Group,4.7,-35,·,0316 7221808,https://greenzay.com/
Gujranwala,DIGITONEX,5,-14,"Shop no 144, T Block, Trust plaza, GT Rd",0310 7880888,
Gujranwala,PMS Software House,4.6,-16,·,0321 7554421,https://www.pms.net.pk/
Gujranwala,Technic Mentors,5,-110,·,0311 1122144,https://technicmentors.com/
Gujranwala,Ultimate Solutions,2.6,-7,Main Market,0300 6468177,http://ultsol.biz/
Gujranwala,Tecno sphere,4.9,-33,"2nd floor, Mumtaz market, Shafique center",0312 2555000,http://tecnosphere.com.pk/
Gujranwala,IT OASIS,4.6,-22,"Mumtaz Market, Main GT Rd",0304 9008079,
Gujranwala,OSys Technologies- A Software Solution Company,5,-3,"First Floor, Opt. Trust Plaza, Super Golden Plaza, Office # 5 GT Rd",(055) 3731133,
Gujranwala,ZeBuck,5,-3,14C New,0335 7700074,https://www.zebuck.com/
Gujranwala,Hybreathe,4.9,-14,"2, 0553 Jinnah Rd",0316 7068888,
Gujranwala,Virtual Software Company LLC,5,-2,"Office No. 11, 4th Floor, Trade Center, G.T. Rd",+92 316 8547404,https://virtualsoftwarecompany.com/
Gujranwala,Sentaxlab Software Company,4.6,-5,"Office No 7, 3rd floor, trade center",+92 312 3385888,http://www.sentaxlab.net/
Gujranwala,Aims Soft Technologies,5,-1,"37-A Satellite Town, Ghulam Dastagir Khan Rd",+92 332 4477000,http://www.aimssoftech.com/
Gujranwala,Adam Tech(Software House),5,-1,"Al-bilal Road, link Hafizabad Rd",,
Gujranwala,Expert Soft Solution,4.7,-38,74-A,+92 301 4728930,https://expertsoftsolution.com/
Gujranwala,ALYYLA SOLUTIONS (SMC-PRIVATE) Limited,4.9,-29,Shop 1 DC Rd,+92 321 8888914,http://alyyla.com/
Gujranwala,AimGet Solution,4.5,-2,·,+92 315 7474084,
Gujranwala,Sizdom Technologies,4.7,-18,"LG-17? Bhutta Center, GT Rd",+92 321 6284311,http://www.sizdom.com/
Gujranwala,Getsol Inc,4.9,-9,"Sunny Centre, Satellite town",+92 322 5646617,
Gujranwala,"Standard Solutions, Gujranwala, Punjab, Pakistan",5,-5,596 B? Markazi Jamia Masjid Road,+92 322 9227464,
Gujranwala,LuxoSoft Technologies,4.9,-15,Garden Town 3,+92 318 8368003,https://luxosofttechnologies.com/
Gujranwala,Tech GP 360 PVT LTD (Software House),,,01,+92 342 6222376,https://tech.guestposts360.com/
Gujranwala,Pakistan Best Software Company,5,-1,Office #20T Tblock Turst Plaza Gujanwala,+92 313 7493888,
Gujranwala,ITechDoor Software Solutions,4.5,-2,nouman block,+92 324 6280768,https://itechdoor.com/
Gujranwala,Brackets Private Limited,4.7,-24,"2nd floor, Zia Plaza, GT Rd, opp. General Bus Stand Road",+92 300 1300797,https://bracketsltd.com/
Gujranwala,FastSoftwareSolution,4.5,-2,"Shop NO, Gold Star Factory, 51",,
Gujranwala,Software Development and Computer Education,,,11-E Block Rathore house,+92 305 7718742,https://abidingtech.com/
Gujranwala,Alpha Solutions,4.9,-17,·,+92 349 4206922,https://alphasolutions.online/
Gujranwala,Abq Mughal Software house,5,-2,56Q5+H39,,
Gujranwala,KAZ Technologies,4.6,-16,"2nd floor, Super Golden Plaza, G.T Road",+92 323 6456471,http://www.kaztech.com.pk/
Gujranwala,Fast Media Tech,4,-1,Fast Media Tech Plot 50 B Near Khaadi Main,+92 333 8333179,http://fastmediatech.com/
Gujranwala,StormDeve Software House,5,-5,"Saharan Street, Khokhar ki, Sialkot Road, Gujranwala Gujranwala Khokhar ki",+92 304 3840004,
Gujranwala,Ahmad Bin Obaid,5,-2,"Mohsin Medical Store, Ghulam Dastagir Khan Rd, opposite Tayba General Store, near Bilal Masjid",+92 310 0078066,http://mrwebapp.com/
Gujranwala,Magnificent IT Solutions,5,-1,"5th Floor office, Trade Center, 20 G.T. Rd",+92 321 7786216,
Gujranwala,Dawnsol,5,-2,"office# 30, Second Floor Green Center",+92 327 9503283,https://www.dawnsol.com/
Gujranwala,Hafsa SEO outreach Gujranwala,5,-1,·,+92 345 6237248,https://sites.google.com/view/hafsa-bib-portfolio/home
Gujranwala,ZEESHAN BUKHARI,5,-1,"55FM+V9C GBC, GT Rd",+92 324 9771350,
Gujranwala,SEO Services Company Gujranwala | Rank SEO Strategies,5,-1,"Gujranwala business center GBC Basement 1,Trust Plaza",+92 309 9084052,
Gujranwala,Esystematic Technologies,4.7,-14,"Near Cafe 09, 30-GC",+92 311 3999345,https://www.esystematics.com/
Gujranwala,6Flicks Technologies,4.9,-40,"672-B 2nd Floor Sheraz Investment Plaza, near Billa Pan Shop",+92 320 5678911,https://6flicks.com/
Gujranwala,Cognizant Techs,,,·,+92 342 7443236,
Gujranwala,Greenzay Technologies Social Media Advertising Website Designing Software Development,,,557V+QRH,,
Gujranwala,Greenzay Group,4.7,-35,·,0316 7221808,https://greenzay.com/
Gujranwala,6Flicks Technologies,4.9,-40,"672-B 2nd Floor Sheraz Investment Plaza, near Billa Pan Shop",+92 320 5678911,https://6flicks.com/
Gujranwala,Innovium Technologies,5,-2,731 B,+92 314 7031007,https://innoviumtechnologies.com/
Gujranwala,Infinkey Solutions Private Limited,4.8,-47,65H8+H64,+92 55 8171817,http://www.infinkey.com/
Gujranwala,SQA developers,5,-7,Khalid Bin Waleed Rd,+92 311 0427743,
Gujranwala,BeastApp Technologies,5,-14,"Gondlanwala Rd, near Inayat Eng. Works",+92 302 6881965,
Gujranwala,SKYLINE Business Solutions,4.8,-36,"Mumtaz Market, GT Rd, opp. Chase Up",+92 55 3821742,http://www.skylinebizsol.com/
Gujranwala,Pakistan IT Solutions (Private) Limited.,4.9,-33,·,+92 320 1117487,https://pits.pk/
Gujranwala,Pakistan IT Solutions (Private) Limited.,4.9,-33,·,+92 320 1117487,https://pits.pk/
Gujranwala,vSync Technologies,4.8,-18,·,+92 324 6108100,http://vsynctech.live/
Gujranwala,Softix Technologies,4.4,-72,·,+92 334 4400443,https://softix.com.pk/
Gujranwala,Sprint Solutions,3.6,-14,"Sialkot Rd, opposite Church",+92 300 6316630,
Gujranwala,PMS (Pvt.)Ltd. (Registered Office),4.8,-5,"2nd Floor, Al Sharif Market, Main Model Town Rd",+92 55 3844800,https://pms.net.pk/
Gujranwala,Full Solution Services,4.5,-2,"56M3+82H, Sialkot Rd",+92 320 4994990,
Gujranwala,softarena solutions,4.1,-7,"55GM+V7C, Service Rd",+92 300 8136544,
Gujranwala,Softweblinks Company & Training institute,5,-2,"2 Jinnah Rd, opposite madina market",+92 307 5066520,
Gujranwala,izy Logic,4.4,-8,"Business Center? 2nd floor, Gujranwala? Grand Trunk Road",+92 305 5514833,http://www.izylogic.com/
Gujranwala,izy Logic,4.4,-8,"Business Center? 2nd floor, Gujranwala? Grand Trunk Road",+92 305 5514833,http://www.izylogic.com/
Gujranwala,Uzlogic,4.9,-22,"Sialkot Rd, near Babar Bashir Clinc",+92 304 2336926,
Gujranwala,Nicesoft - Software Company,5,-20,"Linked, road",+92 323 7591466,http://www.nicesoft.pk/
Gujranwala,Systems Logics PVT LTD,4,-4,150 B Model Town,+92 300 6225355,https://www.systemslogics.com/
Gujranwala,Digicare IT Consultants,5,-1,·,+92 337 0440033,http://www.digicare.com.pk/
Gujranwala,Softa Solutions,5,-20,"Nobel Plaza, GT Rd, near sufi hotel",+92 55 3845880,https://softasolutions.com/
Gujranwala,Codimate Solutions,4.7,-3,Sialkot Bypass,,https://www.codimatesolutions.com/
Gujranwala,Codimate Solutions,4.7,-3,Sialkot Bypass,,https://www.codimatesolutions.com/
Gujranwala,The Thistle Software,5,-2,"Model, Moh, naila Chowk, near Gondlanwala Road",+92 301 8909695,
Gujranwala,Nexl Tech,5,-3,15 D Garden Town Phase 3 Gujranwala Phase 3,,https://nexltech.com/
Gujranwala,Abdullah Software house,1,-1,"Muhallah Bakhtay Wala, Muslim Road, Street 4, near Gap Chowk",+92 311 1765486,https://xpertswp.com/
Gujranwala,Interactive Productions,,,"Sheikho Colony, Bheikhopur Sialkot Rd",+92 332 5274433,http://www.mybrandip.com/
Gujranwala,INNOPPIA Pakistan,3.9,-16,"56R6+25V, Mian Traders Showroom Plaza, Wania More, Sialkot Rd",+92 55 4805360,https://innoppia.pk/
Gujranwala,Sarck Solution,,,"29-GC, opposite Main Park",+92 349 1162005,https://sarcksolution.com/
Gujranwala,Sarck Solution,,,"29-GC, opposite Main Park",+92 349 1162005,https://sarcksolution.com/
Gujranwala,MushTech Software Solutions,4.8,-4,·,+92 306 1108590,
Gujranwala,Devstorm Technologies,5,-2,"Office #3C, Jahangir Center, DC Rd",+92 324 8651939,https://devstormtech.com/
Gujranwala,SKC Technologies,5,-46,"Super Mobile Market Shop, Street Number 18",+92 332 8003636,http://skctechno.com/
Gujranwala,Bizdesk,5,-2,"SCD, Church Rd",+92 300 7431189,
Gujranwala,XenBulletin Software Company,,,"55PQ+X62, Gali Number 11",,
Gujranwala,MB Soft Solution,5,-1,"Bhagbhanpura chowk, Hafizabad road, road, near sadiq",+92 316 1465299,https://mbsoftsolution.com/
Gujranwala,Qubitars Technologies,5,-2,"Plot 90, Mumtaz Market, GT Rd, opposite Chase Up",+92 302 6469153,https://qubitars.com/
Gujranwala,WA Solutions,5,-1,Road Bajwa Rd,+92 300 0000000,http://0000000000.com/
Gujranwala,ALBAB Creators/ ALBAB Technology,2,-2,138 D St,+92 300 8415363,https://albabcreators.com/
Gujranwala,TechSol An IT Firm,4,-1,"Opp.Trust Plaza, Super Golden Plaza, Office #5, First, GT Rd",+92 300 7110032,
Gujranwala,Torce Networking,,,Disposal Rd,+92 316 4000186,https://torcenetworking.com/
Gujranwala,Noaman Aziz |SEO Expert Gujranwala,4.6,-11,"552F+4X9, near gov girls collage",+92 336 6495110,
Gujranwala,Mindspire,5,-14,·,+92 329 6273720,https://mindspire.org/
Gujranwala,Design Studio,5,-5,Main Market Satellite,,https://designstudio.com.pk/
Gujranwala,EraTech,4.7,-3,"Phase 2, IT, no 3, Plot No 110 GC flate, near Shiza Saloon",+92 301 6615034,http://www.eratech.pk/
Gujranwala,KualitySoft.,4.4,-16,·,+92 315 6461550,https://www.kualitysoft.co.uk/
Gujranwala,SEO Expert Gujranwala (Noaman Aziz),5,-2,College St,+92 310 7880888,
Gujranwala,Netstech Software Solutions (PVT) LTD,2,-1,"Sialkot Rd, opposite old passport office",+92 307 6201169,https://netstech.net/
Gujranwala,CoralDraw Designs,5,-1,"55MW+WCF, Near Nomi Autos Jinnah road, Kacha Fatomand Road",+92 336 6149248,http://mtalhazafar.com/
Gujranwala,AR TecSolution,,,"Office #1, near Ahmed General Store",+92 303 2222503,https://artecsolution.com/
Lahore,Vision Plus,3.9,-155,near Aubiya Market,0319 7776976,https://www.google.com/aclk?sa=l&ai=DChcSEwiT3vWi7d-OAxVWqIMHHdbDITAYABAAGgJlZg&co=1&ase=2&gclid=CjwKCAjwv5zEBhBwEiwAOg2YKJFHZLQD-huGkonCRFlfEX9JcZ0GBU88yAi3DGZKSVjaEPL7rvY_cRoClcAQAvD_BwE&category=acrcp_v1_48&sig=AOD64_1PLaNPj3PngVz7d0SkndGjQiGUrQ&adurl&q&ctype=99&nis=6
Lahore,IT Genesis -- The Best Software House in Lahore | The Best Software Company in Lahore | Software House in Lahore,4.7,-110,·,+92 301 9105640,http://www.itgenesis.net/
Lahore,Bit Technologies Lahore- Software House - Website Development - SEO Services - IT Company,4.8,-55,·,+92 301 9059680,https://bittechnologies.co/
Lahore,Arbisoft,4.5,-677,·,+92 42 37498533,https://www.arbisoft.com/
Lahore,IT Genesis - - Software House in Lahore - - Software company in Lahore / Software house in Gulberg,4.9,-58,73-E/1? IT TOWER? 111 Hali Rd,+92 308 4926007,https://itgenesis.net/
Lahore,REX Technologies | Software Company in Lahore,4.5,-75,·,+92 313 7398324,https://www.rextech.pk/
Lahore,Techlogix Pakistan (Pvt.) Ltd.,4.5,-251,39 Empress Road,+92 42 111 859 859,http://www.techlogix.com/
Lahore,TechnoLyte Software House - Top IT Agency,5,-15,·,+92 307 4914979,https://technolyte.com/
Lahore,GenXe Technologies,4.9,-205,"Office # 36-37F, First Floor Gulberg Center, 84-D1 Main Boulevard Gulberg",+92 300 5624325,https://genxe.com.pk/
Lahore,"Jewellery Software House in Lahore,Pakistan",4.6,-113,·,+92 300 7660141,
Lahore,IT Genesis/ The best software house in lahore,4.5,-66,Office 34 Gohar center Near muslam Town Mor? Muslam,+92 308 4926007,https://www.itgenesis.net/
Lahore,Contour Software Pvt. Ltd,4.8,-159,·,+92 42 35788961,http://contour-software.com/
Lahore,REX Technologies | Software Company in Lahore,4.5,-75,·,+92 313 7398324,https://www.rextech.pk/
Lahore,Contour Software Pvt. Ltd,4.8,-159,·,+92 42 35788961,http://contour-software.com/
Lahore,First Idea Web Development (Pvt) Ltd. Domain Hosting Company | Web Development Software House,4.3,-161,·,+92 321 4136474,https://firstideaweb.com/
Lahore,Arban Tech Software House (pvt) Ltd.,4.8,-48,"Office # 7, 3rd fl, Madina Heights, Bl E, Johar Town, Lahore, Pakistan, Or, Just Call And Select Meeting Place",,
Lahore,PETSAAL TECHNOLOGIES PVT LTD | Best Software House | IT Solution | ERP CRM Development,4.7,-24,"1, 2nd Floor TecVezoto, 2nd Floor) of TecVezoto, 2 Km From, opposite Ring Raod, near Netsol Avenue",+92 333 5849688,https://petsaaltech.com/
Lahore,Quaid Soft ® | A Real Estate Software - Housing Scheme Software Company in Lahore Pakistan,5,-14,"Al Hafeez Shopping Mall, Office No. 325, 3rd Floor, Main Blvd Gulberg",+92 321 4812006,https://www.quaidsoft.com/
Lahore,Olumi Tech - Lahore software house,5,-73,"1566, 124 Walton Rd",+92 316 8844669,http://www.olumitech.com/
Lahore,ABODE PVT LTD,4.5,-30,76,+92 42 35465754,http://www.abconline.us/
Lahore,Intelliscence - Software Development Company / Software House,4.6,-82,"Office No 04, Ground Floor? Ross Resedentia, Canal Rd",+92 345 4090775,https://www.intelliscence.com/
Lahore,i2c Inc.,4.6,-966,·,+92 42 111 000 048,https://www.i2cinc.com/
Lahore,Q-Soft Technologies,4.4,-36,15 Ghazi Rd,+92 42 35452209,http://qsoft.pk/
Lahore,eForce Labs | Software House in Lahore | SEO Agency in Lahore,4.8,-4,"Building # 13, Sadiq Street",+92 300 1012663,https://eforcelabs.com/
Lahore,Spadasoft Software Development Company,4.6,-33,234-C PIA Main Boulevard,+92 325 1041041,http://www.spadasoft.com/
Lahore,Whetstonez - software company in Lahore,4.6,-38,109,+92 42 35773450,https://whetstonez.com/software-company-lahore/
Lahore,Techverx,4.3,-233,·,+92 42 32535353,http://www.techverx.com/
Lahore,"GraceSol Technologies - Lahore, Pakistan",4.8,-16,·,+92 320 1114466,http://www.gracesol.com/
Lahore,Webtohelp | Software House in Lahore,4.8,-8,"Office NO 27,Floor P2,Jeff Heights",+92 303 4996452,
Lahore,"Visnext Software Solutions, Lahore",4.3,-80,"First Floor 1C - 5, Sikandar Ali Malhi Rd",+92 42 35752867,http://visnext.com/
Lahore,IRG Global Technologies - Application & Software Development - BPO - ERP - CRM - POS Solutions - Networking & IT Systems,4.9,-54,"Ground, 48 Commercial",+92 324 4443823,https://irgglobal.co/
Lahore,Vaival Technologies - Headquarter,4.4,-133,145 Madina St,+92 42 37881954,https://www.vaival.com/
Lahore,Pro4Tech Web Development Software House in Lahore,5,-5,"Pakistan, Mint Gate Pkwy, near to Shalimar Town",+92 305 4311341,
Lahore,Rana Technologies. Web Development Lahore | Software House,3.7,-45,"410? Al Hafeez Shopping Mall, 321 Main Blvd Gulberg",+92 313 4226171,https://www.ranatechnologies.com/
Lahore,Software House,4.3,-19,"rajpoot taimoor, ARFA Tower, Lahore – Kasur Rd",+92 343 1623568,
Lahore,KeyDevs Technologies Pvt. Ltd. Lahore,4.4,-21,·,+92 339 5393387,https://keydevs.pk/
Lahore,Phaedra Solutions (Pakistan),4.8,-39,"2 West Canal Rd, opposite Doctor Hospital",+92 42 32363305,https://www.phaedrasolutions.com/
Lahore,Sixlogics Pakistan,4.6,-65,"4th Floor, ONE-R, MM Alam Road, Mini Market Round About",+92 42 38864562,https://www.sixlogics.com/
Lahore,"ShehzadOnline | Website Design, Development, Domain, Hosting & SEO Company, Lahore Pakistan.",4.5,-11,"Office No 16, 2nd Floor, Lucky Center",+92 333 7494667,https://shehzadonline.com/
Lahore,BITLogix (Pvt) Limited,4.7,-38,"4th Floor, W Mall, 23 MM Alam Rd",+92 42 35781941,http://www.ebitlogix.com/
Lahore,Housecodies,5,-17,"M-9, Khan Arcade",+92 324 4421140,https://housecodies.com/
Lahore,Web Design and Development Company Garden Town Lahore,4.4,-17,Plot 165,+92 321 6886880,https://www.thexpertz.com/
Lahore,Royal Software House,3.5,-22,"H832+79F, Bhatia St",+92 343 0000000,http://www.royalsofts.com/
Lahore,Vision Plus,3.9,-155,near Aubiya Market,0319 7776976,https://www.google.com/aclk?sa=l&ai=DChcSEwjC1Y-v79-OAxXWlIMHHTcQG6EYABAAGgJlZg&co=1&ase=2&gclid=CjwKCAjwv5zEBhBwEiwAOg2YKL8L_ZOMxoIMePppuPZRPgJ-e6PjW18PKmeXJt0WC87Qv6XWOw8rXBoCnKoQAvD_BwE&category=acrcp_v1_48&sig=AOD64_2aWzd5uZYvtNg9GS9Xf-OkQNvwXw&adurl&q&ctype=99&nis=6
Lahore,Whizzbridge,4.7,-24,·,+92 344 6305235,https://whizzbridge.com/
Lahore,Crewlogix Technologies,4.4,-128,"C1, 112, E Ghalib Rd",+92 42 38915581,http://www.crewlogix.com/
Lahore,Tech Scale,4.8,-20,·,+92 42 35199089,https://techscale.io/
Lahore,softvalley software house,4,-63,"House No, 362",,http://www.softvalley.com.pk/
Lahore,ITCHAMPX A Solution Providing Company,4.8,-37,"Shop#110 , Ground Floor, Jeff Heights Plaza",+92 321 3413419,http://www.itchampx.com/
Lahore,10Pearls Lahore,4.7,-56,·,+92 42 32150119,https://10pearls.com/
Lahore,Intelliscence - Software Development Company / Software House,4.6,-82,"Office No 04, Ground Floor? Ross Resedentia, Canal Rd",+92 345 4090775,https://www.intelliscence.com/
Lahore,FireWorks Technology (A software development company),4,-61,"Office 10, First Floor, Big City Plaza, Gulberg 3 Liberty Round About",+92 345 4777487,http://www.fireworkstech.com/
Lahore,Educative,4.5,-98,·,+92 309 6663955,http://www.educative.io/
Lahore,Siemens Industry Software,4.8,-83,·,+92 42 36099100,http://www.mentor.com/
Lahore,zAmtech Software House,4.5,-14,"Mega Tower, Office no 19, M1, 19 Main Boulevard Gulberg",+92 310 4036782,https://technolyte.com/
Lahore,E Tech Software House,4.8,-4,"VHCW+WJC, First Floor Gulberg School Main",+92 318 6110269,http://www.etechsh.com/
Lahore,Ekkel AI (Private) Limited,4.5,-11,"Ashiana Center, G87R+3W Lahore Office 345, 6th Floor, Left Wing",+92 345 6016408,https://www.ekkel.ai/
Lahore,Contour Software,4.3,-88,·,+92 42 35788961,http://contour-software.com/
Lahore,Techcreatix,4.6,-23,·,+1 212-518-1027,http://www.techcreatix.com/
Lahore,Visual Software Developers,4.9,-73,·,+92 333 7454059,https://softbiller.com/
Lahore,Webihouse,4.9,-11,Lahore – Kasur Rd,+92 331 6393354,http://webihouse.com/
Lahore,Techifort (Pvt.) Ltd.,4.6,-11,"2nd floor office # 202A, siddiq trade center",+92 300 6047149,https://www.techifort.com/
Lahore,Bestosoft- The best software house in Pakistan,4.7,-6,F9FF+W9M,+92 301 4836286,http://www.bestosoft.co/
Lahore,HP Software House,4.3,-3,"House # 8, St. 3",+92 321 3881381,http://www.hpsoftwarehouse.com/
Lahore,TxLabz,4.9,-71,13 D1,+92 315 4846690,https://txlabz.com/
Lahore,Rolustech,4.3,-181,·,+92 42 36407166,https://www.rolustech.com/
Lahore,SeeBiz Pvt Ltd.,4.6,-79,·,+92 42 35756451,https://see.biz/
Lahore,Silversoft Solutions,4.9,-16,"Office # 25, P1, Lahore Jeff Heights, Main Boulevard Gulberg",+92 322 4396763,https://www.silversoftsolutions.site/
Lahore,SHIL - Software house in Lahore,5,-2,"30-B A1, Malik Tufail Rd",+92 339 5393387,https://softwarehouseinlahore.com/
Lahore,Conrad Labs,4.8,-44,50-N Gurumangat Rd,+92 42 35876257,http://www.conradlabs.com/
Lahore,Code District,4.6,-53,·,+92 42 32324298,https://www.codedistrict.com/
Lahore,SID SOFTWARE HOUSE PVT LTD,5,-1,"19-CL, First Floor, Abdalians Cooperative Housing Society",+92 335 5945900,https://www.sidtechnology.me/
Lahore,Naeem Software House,4.8,-19,·,+92 329 6219415,https://www.fiverr.com/aftech
Lahore,SAW Tech Software House,4.5,-10,HCJ3+CCF,+92 308 8608320,
Lahore,SkimCode-Software House,4,-6,240E,+92 306 7112215,
Lahore,Active House Technologies,5,-2,"Office # 19, 2nd Floor, IT Tower, Hali Rd",+92 42 35239025,
Lahore,Website Developers in Lahore | Pakistan,5,-1,House# 8-B,+92 304 4488795,https://devblinks.com/
Islamabad,Software Development Hub,4.8,-34,"2nd floor, Gulberg Express Way, Madni Arcade, Bhati Society Rd",+92 341 5240748,https://softwaredevelopmenthub.com/
Islamabad,Jantrah Tech (Pvt) Ltd. - Software House in Islamabad,4.9,-45,·,+92 311 5254544,https://jantrah.com/
Islamabad,Bit Technologies | Web development Company Pakistan,4.9,-76,"National Incubation Center, Street 6",+92 310 5878854,https://bittechnologies.co/
Islamabad,Devsinc (Islamabad),4.7,-52,102 Chinar Rd,+92 306 0074645,https://www.devsinc.com/
Islamabad,Emumba Private Limited,4.6,-163,·,+92 51 4444711,http://www.emumba.com/
Islamabad,CDL | Software House in Islamabad/Pakistan | Best Digital Marketing Agency in Islamabad/Pakistan |,4.8,-19,·,+92 304 0738009,https://cdl.com.pk/
Islamabad,Redis Solution | Software House in Islamabad |,5,-49,"Office#1 2nd floor, ABC Plaza, 4th Road, Commercial Market Rd",+92 349 3614440,https://redissolution.com/
Islamabad,Software House in Pakistan,5,-1,"House 381, Main Double Rd",+92 333 8322151,https://redissolution.com/
Islamabad,"Systems Limited, Islamabad",4.8,-142,·,+92 311 9215639,http://www.systemsltd.com/
Islamabad,CodesOrbit,4.8,-74,"Plot#395, Fazal Technology Park, 396",+92 51 8356104,https://codesorbit.com/
Islamabad,Eziline Software House Pvt Ltd,4.4,-966,"Office #304-B Amna Plaza, near Radio Pakistan",,https://eziline.com/
Islamabad,"All Tech 360 (Web Development Company, Web Development Islamabad , Software House In Rawalpindi)",5,-30,"Office f25, 2nd floor, Chandni Chow, Mid City Shopping Mall",+92 312 5676066,https://www.alltech360.com/
Islamabad,Pixel Sama | Software House in Islamabad | Software Companies in Pakistan,5,-7,·,+92 344 5786762,
Islamabad,CentigmaSoft | Software Development in Islamabad | Mobile App | Software Outsourcing | Website Development in Islamabad,5,-20,·,+92 333 5067072,https://www.centigmasoft.com/
Islamabad,BEST SOFTWARE HOUSE,5,-3,Jinnah Ave,+92 300 4561122,
Islamabad,DatumSquare IT Services Pvt. Ltd.,4.6,-128,·,+92 51 8319127,http://datumsquare.com/
Islamabad,M5HOST WEB DEVELOPMENT COMPANY ISLAMABAD,4.9,-162,·,+92 331 6640400,https://m5host.com/
Islamabad,Software House in Islamabad,5,-2,Corporate office f11,+92 340 0940016,
Islamabad,"Web and App Development Company Rawalpindi, Islamabad, Pakistan",3.8,-24,House# 531 Street 46,+92 345 5248812,https://radiations3.com/
Islamabad,AKSA-SDS,4.6,-308,·,+92 51 2827582,https://www.aksa-sds.com/
Islamabad,NUEXUS IT COMPANY ISLAMABAD,5,-34,"Office 3B 1st Floor, Javed Arcade",+92 300 5874020,https://nuexus.com/
Islamabad,MR.MAH SOFTWARE SOLUTIONS,4.9,-20,4 Street 102,+92 345 6316461,
Islamabad,Growstep Technologies - Best Software Company In Rawalpindi Pakistan,4.8,-36,Plot 59G Street 7,+92 333 5145322,https://growstepai.com/
Islamabad,Absoluit,4.2,-123,·,+47 94 09 91 91,https://absoluit.com/
Islamabad,Pixako Technologies (Pvt.) Ltd.,4.2,-81,Plot 30,+92 51 2706665,http://www.pixako.com/
Islamabad,NOW Software (Pvt.) Limited,4.7,-18,"Office # 1301-1306, 13th Floor, AJ Towers, Main Expressway",+92 51 8742000,http://now.net.pk/
Islamabad,Fazal Software Technology Park,4.6,-19,·,+92 51 4436448,
Islamabad,UnitedSol,4.6,-72,349 Street 1,+92 51 8442246,https://www.unitedsol.net/
Islamabad,Leed Pakistan,4.5,-19,Plot 207 Service Rd N,+92 51 2745804,https://leeddev.io/
Islamabad,Zeropoint.IT Pvt Ltd,4.5,-61,"Plot No.32, Street No.36, I&T Centre",+92 51 2356201,http://zeropoint.it/
Islamabad,Techozon SMC PVT LTD,4.8,-21,"Office 503, Gulberg empire, Civic Center",+92 335 6701234,https://techozon.com/
Islamabad,Solutions Player,4.8,-53,"Office No. 201, 2nd Floor, Ghouri Mall",+92 300 4235593,http://www.solutionsplayer.com/
Islamabad,Solutions Player,4.8,-53,"Office No. 201, 2nd Floor, Ghouri Mall",+92 300 4235593,http://www.solutionsplayer.com/
Islamabad,Pakistan Software House,5,-3,"House number 221-D G 7, 3-2 Street 1",+92 300 0923938,http://www.blogsweb4u.com/
Islamabad,SAR ZONE (Best Software House in Islamabad & Automation Center),5,-10,"SAR ZONE, office number 31, executive business center? 2 Markaz",,https://www.sarzone.com/
Islamabad,DoMains,5,-21,"House no, 579 Gali 54",+92 340 7988223,https://do-mains.com/
Islamabad,SIQA Software Services (Private) Limited,4.3,-12,"208-210, The LandMark Plaza Service Road East, Islamabad Expy",+92 51 8742662,https://siqasoft.com/
Islamabad,Discretelogix (Private) Limited,4.9,-58,"Software Technology Park, Service Rd N",+92 51 8443637,https://www.discretelogix.com/
Islamabad,Convo,4.5,-108,"Plot # 134, Street 9",+92 51 8314394,https://www.convo.com/
Islamabad,House Islamabad,3.9,-7,"J49R+FFP, Street 9, near Al-Sadiq Library ICT",+92 334 6107765,http://www.orm.com.pk/
Islamabad,Funavry Technologies,4.6,-49,·,,https://www.funavry.com/
Islamabad,E-strats,4.4,-52,"1, 4th Floor, Block C, Main Rd",+92 51 8486782,http://www.estratcom.com/
Islamabad,Codexier Software House,4.4,-16,"Police, Block C",+46 70 848 44 20,http://www.codexier.com/
Islamabad,Red Star Technologies,4.4,-16,"Flat No 4, Kyber Market, Emaan Arcade, Street 124",+92 314 9720158,https://redstartechs.com/
Islamabad,Circular Byte Private Limited,4.9,-62,"Office # S-31, Malikabad Plaza, 6th Rd",+92 51 2716458,https://circularbyte.com/
Islamabad,InfoTech Private Limited,4.3,-21,"1st Floor, Waheed Plaza, Plot 52 West, Blue Area,",+92 51 2604637,http://www.infotechgroup.com/
Islamabad,NineSol Technologies,4,-32,·,+92 51 2620085,http://www.ninesol.com/
Islamabad,Women Technology House,4.6,-27,·,+92 331 7071092,http://womentechhouse.com/
Islamabad,Software House,3.9,-12,"Office No 316, 3rd Floor Maryam Hall, 6th Rd",+92 301 9511945,http://www.ezeesoltech.com/
Islamabad,iOPTIME Pvt ltd,5,-21,·,+92 51 8732081,http://www.ioptime.com/
Islamabad,Online Yourself - Software House in Rawalpindi,3.5,-24,"House - LG 25? J3MF+763 Online Yourself, Mid City Shopping Mall, Murree Rd",+92 334 9590247,http://onlineyourself.com/
Islamabad,BIZTORCH SOFTWARE HOUSE,4.8,-8,"Total Engineering (Pvt) Ltd, Jinnah Ave",+92 51 8735600,http://biztorch.com/
Islamabad,Techuire,5,-9,Office 10 third floor lord trade center,+92 333 8322151,
Islamabad,GRID Systems Pvt Ltd,4.6,-48,·,+92 51 8350664,http://www.globalrescue.com/
Islamabad,SilentSol Pvt. Limited,4.4,-17,·,+92 342 0945111,https://silentsol.com/
Islamabad,Software house IQ | software house in Islamabad,5,-2,"office no 4, al-Mustafa plaza, Murree Rd, near FIT Computer institute",+92 317 6817702,https://iqsoftwarehouseinrawalpindi.blogspot.com/2024/05/best-software-house-in-rawalpindi.html
Islamabad,SoftVisionist,5,-32,"office 5, Mujahid Plaza, Jinnah Ave",+92 301 1228226,https://softvisionist.com/
Islamabad,Whizpool,4.9,-36,·,+92 51 2280011,http://www.whizpool.com/
Islamabad,Enabling Systems Pvt. Ltd | Software House in Rawalpindi,4.6,-24,·,+92 51 4572157,http://enabling.systems/
Islamabad,Solutions Player,4.8,-53,"Office No. 201, 2nd Floor, Ghouri Mall",+92 300 4235593,http://www.solutionsplayer.com/
Islamabad,Enabling Systems Pvt. Ltd | Software House in Rawalpindi,4.6,-24,·,+92 51 4572157,http://enabling.systems/
Islamabad,Orbix Solutions Software Company,4.9,-16,·,+92 305 5337917,
Islamabad,Cyberbeak - Custom Software Development Company,5,-2,Al-Babar Center,+92 302 6776476,https://cyberbeak.com/
Islamabad,Software house,5,-1,"House no, 718 street 52",+92 346 5723593,
Islamabad,Evelogics IT Solutions (software company),4.6,-5,"Block 4, 2 Service Rd E",+92 307 5431134,https://www.evelogics.com/
Islamabad,Devsort,4.8,-15,"Office 304, Aniq Arcade",+92 51 2722250,https://devsort.net/
Islamabad,Genesis IT Lab,4.2,-57,"3rd floor, Building, Genesis IT Lab, 29 Street 40",+92 51 8356551,http://www.genesislab.com/
Islamabad,Arkhitech,4.1,-98,"Office 5, 2nd Floor, Al-Karam Plaza",+92 51 4858394,http://www.arkhitech.com/
Islamabad,Cubix IT,4.8,-10,,,https://cubixit.com/
Islamabad,Seven Software development,5,-1,·,+92 51 4101011,
Islamabad,HA-TECHNOLOGIES (Private) Limited,4.7,-61,·,+92 343 9483955,https://hatechnologies.net/
Islamabad,Innovative Solutions & Development,4.6,-16,"Office 208, Second Floor Luxus Mall and Residency",+92 344 5526628,
Islamabad,Digital Clad best software house in Pakistan,,,"office no 1, main street",+92 330 7867866,https://digitalclads.com/
Islamabad,Ideatech,4.6,-73,·,+92 336 8885333,http://www.ideatech.org/
Islamabad,Sahaara Software House,5,-1,"Near Attock Pump , Range Road Office No : 051-5160008 Cell No : 0334-5264948 0332-7001504",+92 332 7001504,
Islamabad,Software house islamabad | Redis Solution | Software company in Pakistan,5,-1,JW7H+R79,+92 349 3614440,http://www.redissolution.com/
Islamabad,ProntX,3,-4,House no 774? 14 St 13-A,+92 318 5178973,https://prontx.com/
Islamabad,Mindswork Developments Islamabad | Software Company | Best IT Company,,,Plot 31-C St 17,+92 300 6247060,https://mindswork.org/
Islamabad,Globex Software Development Company,5,-1,Sughra Towers,,
Islamabad,KEN Solution,4.9,-11,near Directorate General Pakistan Post,+92 339 2226869,http://www.kensols.com/
Islamabad,ePatronus IT Solutions,4.9,-19,"ePatronus Office, 2nd Floor, The Box Building STP, Plot # 11",+92 337 3333925,http://www.epatronus.com/
Islamabad,SoftStack Technologies,5,-6,"Flat-9, Block 4/C, 1 Street 10",+92 310 5625584,
Islamabad,AlphaSquad,4.7,-23,·,+92 300 0691117,https://alphasquad.studio/
Islamabad,AlphaSquad,4.7,-23,·,+92 300 0691117,https://alphasquad.studio/
Islamabad,Asian IT House,4.9,-14,"Falcon Road, Khanna Pul",+92 343 5339186,https://asianithouse.com/
Islamabad,Graphiters - Software Development Company,4.4,-9,"2nd Floor, Plaza 93, D, 4 Ln 8",+92 334 5353228,https://graphiters.com/
Islamabad,Webtonix,4.9,-11,"House No, 77 Street 28, near PWD London Bakery",+92 321 2028272,http://webtonix.net/
Islamabad,Mitech Software Company,5,-6,·,+92 305 6400524,
Islamabad,uExel,4.5,-4,"Office 2 2nd Floor Building, 140 Street 29",+92 334 5385426,https://uexel.com/
Islamabad,Ideal Software House,5,-3,"Bilal Arcade, Simly Dam Road",+92 345 5203534,
Islamabad,uExel,4.5,-4,"Office 2 2nd Floor Building, 140 Street 29",+92 334 5385426,https://uexel.com/
Islamabad,"Sol Freaks Pvt. Ltd (Software House In Rawalpindi, Digital Marketing Agency In Rawalpindi)",4.2,-5,"Office f26, Mid City Shopping Mall",+92 312 5676066,https://solfreaks.com/
Islamabad,E Software House,5,-1,Flat # 85/6 mashood complex PAF base Nur Khan,+92 307 8723892,https://esoftwarehouse.com/
Islamabad,HSE Techno | Software Company | Best IT Company,3.3,-3,"D, Unit 6 Ground floor Belle Pierres",,
Islamabad,"eSOFT Private Limited, Office 211, 2nd Floor, Arooj Arcade, F-10 Markaz, Islamabad, Pakistan.",4.4,-5,House No 7 Street 57,+92 51 2223197,
Islamabad,eyesoftech - software development company,4,-3,JXV5+RFF,+92 333 6660296,
Islamabad,NxtGenSoft,4.7,-3,"P384+3X6, Street Number 35",+92 312 5001808,
Islamabad,Pearl IT Solution Software and Web Development Islamabad,5,-2,"House No, 17 Street 2",+92 321 5839841,
Islamabad,Barq Digital Solution - Software House in Islamabad,,,"Villa #89, Main Sumbal Rd",+92 346 1019006,
Islamabad,Soft Tech Media (pvt) Limited,4.3,-26,·,+92 51 2851285,http://www.softtechmedia.com/
Islamabad,NeelumSoft,5,-9,Street Number 1,+92 348 5583387,
Islamabad,TechNest,4.6,-18,"Plot 61, St 12",+92 51 2289328,http://technest.pk/
Islamabad,Komatsu Pakistan Soft (Pvt.) Ltd.,4.5,-46,·,+92 51 2260441,https://home.kps.komatsu/
Islamabad,TechnologyCell Ltd.,4.5,-4,St 53,+92 321 6221146,http://www.technologycell.co/
Islamabad,hileets,5,-1,"Hileets, Office 406, Cubator 1ne, Comsats University Islamabad Sunrise Avenue, Park Rd",+92 51 8430707,
Islamabad,Enabling Systems Pvt. Ltd | Software House in Rawalpindi,4.6,-24,·,+92 51 4572157,http://enabling.systems/
Islamabad,TechnologyCell Ltd.,4.5,-4,St 53,+92 321 6221146,http://www.technologycell.co/
Islamabad,Tungsten Software Services,5,-4,"Building Number, Usmania Market, 4 Street 2",+92 344 8972687,
Islamabad,"Mirza's House, Software Development, Web Development, Graphic Designing",4,-4,Saddar Rd,+974 3327 7875,
Islamabad,eConceptions,4.7,-30,·,+92 51 2340278,http://www.econceptions.mobi/
Islamabad,Kreation.pk,5,-2,"Block H, G 7/2 Mascoe plaz Blue Area, Islamabad, Islamabad Capital Territory",+92 313 5498587,http://www.kreation.pk/
Islamabad,Islamabad Soft,5,-3,"Office No 16, 1st Floor, Mujahid Plaza, Jinnah Ave, near Sonehri Bank",+92 300 2737054,
Islamabad,Xorlogics,4.9,-9,"No.2, 2nd Floor, Ahmed Center, I-8 Markaz",+92 51 4438627,http://www.xorlogics.com/
Islamabad,The Right Software,4.4,-33,·,+92 51 2754752,https://therightsw.com/
Islamabad,HA Softwares,4,-4,House 802 St 30,+92 300 5213536,
Islamabad,BYTECODE (Private) Limited,5,-1,"Ahmad Center, 3rd Floor",+92 336 1520211,
Islamabad,Pakistan Software Houses Association,5,-1,5-A Constitution Ave,,
Islamabad,MirwahTech Software & Web Development,4,-3,P3CH+GPW,,
Islamabad,I-Orbits Tech (Software House),5,-15,GT Rd,+92 307 5230948,https://iorbitstech.com/
Islamabad,Software House,,,"Freelancers, Sector I-11/3",,
Islamabad,Crawlbytes Pvt Ltd.Website Development Designing Services - SEO Company & Digital Marketing Services in Islamabad,4.9,-148,·,+92 330 3742275,https://crawlbytes.com/
Islamabad,Virtualatic (Software house),5,-15,"Office 8a, Plaza Property Zone Commmercial, Iqbal St",+92 314 5879766,
Islamabad,Maanz Artificial Intelligence,4.5,-42,·,+92 51 2895034,http://maanz-ai.com/
Islamabad,Web Design Pakistan,4.3,-6,House 999 Street 93,+92 321 6575187,
Islamabad,Web Hosting & Designer and Developers - Islamabad,5,-2,M39F+GXR,+92 332 5444035,https://www.hostechpk.com/
Islamabad,PK Softwares,,,"office 102, Ayub Plaza, Phase St 5-A",+92 346 0660358,https://www.pksoftwares.com/
Islamabad,Dependibot Solutions,4.6,-9,"Office #1, Third Floor, Times Square",+92 51 8350461,https://dependibot.com/
Karachi,iCreativez Technologies,4.8,-914,"Dominion center 1 main Jinnah Avenue, Behria Town Karachi",+92 333 0007008,https://www.icreativez.com/
Karachi,Best Software Company in Karachi Pakistan,5,-3,·,+974 7129 7305,https://www.itechavengers.com/
Karachi,Bit Technologies - Website development Company / Software House Karachi,4.9,-42,·,+92 310 5878854,https://bittechnologies.co/
Karachi,Johar Software House,4.9,-166,80-A,+92 21 34303521,http://www.joharhouse.com/
Karachi,Software House Pakistan,4.6,-21,Flat No F8? North View Appartment,+92 300 9247011,http://www.softwarehousepakistan.com/
Karachi,AWA Software House,4,-44,Goth Baluch Khan Rd,+92 323 2555864,http://www.awasoftware.com/
Karachi,AWA Software House,4,-44,Goth Baluch Khan Rd,+92 323 2555864,http://www.awasoftware.com/
Karachi,Progatix,4.5,-73,"308 - 312, Clifton Center",+92 21 35293284,
Karachi,Techlaa (Software House - Digital Marketing Agency),5,-40,·,+92 347 0468899,
Karachi,Software house in karachi,4.9,-7,"Karachi, Nazimabad Block 2, Inquiry Office, Press Market",+92 317 1042174,
Karachi,Sibisoft (Pvt.) Ltd.,4.7,-112,·,+92 21 32361335,
Karachi,Folio3 Pvt Ltd,4.4,-356,"Folio3 Tower, Plot 26 Shahra-e-Faisal",+92 21 34323724,http://www.folio3.com/
Karachi,Disrupt.com (formerly Gaditek),4.4,-526,140-H Allama Iqbal Rd,+92 21 111 388 873,https://www.disrupt.com/
Karachi,Xtecsoft Pvt ltd,4.2,-43,"C, Street 23",+92 21 34010981,http://xtecsoft.com/
Karachi,MangoTech Solutions,4.7,-33,"704-705, Kawish Crown Plaza, Shahra-e-Faisal",+92 332 0374410,https://www.mangotechsolutions.com/
Karachi,Royal Cyber,4.4,-68,"Opposite: FTC, Office # 602-605, Emarah Suites, Shahra-e-Faisal",+92 21 32785009,https://www.royalcyber.com/
Karachi,Letscodify Solutions,4.8,-18,"4th Floor, Suite No# 430, Main Tariq Rd",+92 21 37223726,
Karachi,Viftech Solutions Pvt Ltd,4.1,-46,·,+92 21 35122741,https://www.viftech.com/
Karachi,ICT Systems PVT Ltd.,4.3,-109,"2nd Floor, ICT Building, 9-A-1, Main Shahra-e-Faisal, beside Hotel Faran",+92 21 34303822,https://www.ictsystems.com.pk/
Karachi,Afiniti Karachi,4.6,-156,·,,https://www.afiniti.com/
Karachi,ITechavengers Software House,4.5,-10,Gulzar-e-Hijri Sector 18 C Gulzar E Hijri Scheme 33 Karachi Karachi City Sindh,+92 313 2143992,https://www.itechavengers.com/
Karachi,ITechavengers Software House,4.5,-10,Gulzar-e-Hijri Sector 18 C Gulzar E Hijri Scheme 33 Karachi Karachi City Sindh,+92 313 2143992,https://www.itechavengers.com/
Karachi,Software Channel (Pvt.) Ltd.,4.8,-27,"Office No. D2, 2nd floor, Westland Trade Center Block 7/8, K.C.H.S.U Near Baloch Flyover, Shahra-e-Faisal",+92 21 34315226,http://www.softchan.com/
Karachi,AIMVIZ Pvt. Ltd - Digital Media and Software Development Company,4.2,-142,"AIMVIZ, Building # FL11/1? 1? opposite Safari Park",+92 21 34960335,https://www.aimviz.com/
Karachi,Aymeetech Software House,5,-9,"V3C8+XJH, Street # 2",+92 316 2660235,https://aymeetech.com/
Karachi,RIKSOF,4.2,-72,"Horizon Tower, 603, Kheyaban-e-Saadi",+92 21 35292676,http://www.riksof.com/
Karachi,Genetech Solutions,4.5,-121,166,+92 21 34558425,http://www.genetechsolutions.com/
Karachi,ITPixel Software House,4.5,-6,"Jasmeen Building, Shahra-e-Quaideen",+92 300 2202241,http://itpixel.net/
Karachi,Red Rhinoz - Software House,4.8,-5,"Office# 524, 5th Floor, Anum Blessing, Shahra-e-Faisal, near Anum Empire",+92 21 34380531,http://www.redrhinoz.com/
Karachi,HumanTek,4.7,-118,·,+92 331 3997788,https://thehumantek.com/
Karachi,Tech Sindhi Software House,5,-2,Zaibunnisa Street,+92 344 3910519,
Karachi,Software House Pakistan,3.8,-6,"Suit No: B-88, Block - H, 13th street North Nazimabad",+92 333 3255268,http://www.softwarehousepakistan.com/
Karachi,TimeXperts,4.4,-96,·,+92 21 34324323,
Karachi,Website & Mobile App Development Company | Software Development Company Karachi | High On Cyber,4.8,-8,Stadium Lane 2,+92 341 2427708,https://highoncyber.com/
Karachi,Website & Mobile App Development Company | Software Development Company Karachi | High On Cyber,4.8,-8,Stadium Lane 2,+92 341 2427708,https://highoncyber.com/
Karachi,"AALogics | eCommerce, ERP, Mobile Apps & Digital Marketing Development Agency",4.3,-35,"Plot # C, 147",+92 332 0275790,https://www.aalogics.com/
Karachi,Software house,5,-1,"Plot no 17 block, 2 hussainabad 32",+92 335 5811984,
Karachi,PerStack Software House & Solutions,4,-4,·,+92 343 2321765,http://perstack.com/
Karachi,Software House Pakistan,5,-2,"Plot No S, Marhaba Centre, 3 Rashid Minhas Rd, beside Lavish Dine, opposite to Askari IV",+92 314 2392129,http://www.softwarehousepakistan.com/
Karachi,ComSouls (Software House),4.4,-12,"UG-1, Falaknaz Plaza, Main Shahra-e-Faisal? opp. Airport",+92 334 1111958,http://comsoulstech.com/
Karachi,Cubix PECHS,4.7,-48,54C,+92 21 34526050,http://www.cubix.co/
Karachi,Developers Thrill | Software Company & IT Institute,5,-3,·,+92 332 2148534,http://developersthrill.org/
Karachi,ITechAvengers Software House,5,-2,"Suite# 412, 4th Floor, Park Avenue, Shahra-e-Faisal",+92 333 5242682,https://www.itechavengers.com/
Karachi,Modestic Software House,4.8,-8,R-618 5c,+92 319 8333284,
Karachi,Software House,3.3,-6,36,+92 318 3119228,
Karachi,Switcher Techno,4.5,-165,"Office# 331, 3rd Floor, Trade Avenue, I.I Chundrigar Rd",+92 324 2419744,http://www.switchertechno.com/
Karachi,Pixel Software House,5,-1,·,+92 334 2010272,
Karachi,Appicoders Inc.,4.1,-72,·,+92 21 34327741,http://www.appicoders.com/
Karachi,Fetch Sky Technologies,4.8,-40,·,+92 333 2196539,http://www.fetchsky.com/
Karachi,Johar Software House,5,-5,"House no 288, Usmania colony, Nazimabad 1",+92 21 36602060,http://joharhouse.com/
Karachi,Avanza Solutions (Pvt.) Ltd.,4.4,-202,House No. 40/J-B,+92 21 111 282 692,https://www.avanzasolutions.com/
Karachi,Systechlogic,5,-17,"Suite No.614, Caesar's Tower, Main Shahra-e-Faisal",+92 346 3324491,https://systechlogic.com/
Karachi,Soften Software House,4.2,-5,"A-2748 Phase 2 Gulshan-e-Hadeed, Karachi, Pakistan",+92 301 2603616,
Karachi,Software Company (LUITECH SYSTEMS (PVT) Ltd.) Saddar Chapter,5,-4,"Suit: 312, Third Floor, Mehboob Chambers",+92 348 2224151,https://luitechsys.luipos.com/
Karachi,M/I tech solution ( SOFTWARE HOUSE ),4.8,-4,"3rd block 2, L 2364 metroville",+92 316 2506808,
Karachi,Aish Tycoons (Web Development Company),4.9,-78,"B, SHELOZONE CENTRE, Office A-7, 74 Main University Rd",+92 345 2800819,https://www.aishtycoons.com/
Karachi,Taqwa Apps (Software House),5,-1,·,+92 334 1111958,http://taqwaapps.com/
Karachi,CIS PVT LTD,4.3,-142,·,+92 21 34533312,https://cispl.com/
Karachi,Bestosoft- The best software house in Pakistan,5,-1,W26J+7CH,+92 301 4836286,http://www.bestosoft.co/
Karachi,Intelvue,4.9,-24,"1 /1-3P, 1st Floor, Rd",+92 323 2107411,https://www.intelvue.com/
Karachi,Sky software house,5,-6,R 37 PRECHS,+92 304 7664622,
Karachi,Software House,4.4,-9,"Grace mall, Main University Rd",+92 300 2189609,
Karachi,Tecbz,4.5,-64,"G-5, Ground Floor, Gold Apartment, 221 Sadhu Hiranand St",+92 21 32220060,https://www.tecbz.com/
Karachi,Shiwantek,5,-20,"2nd floor, Uzma Arcade",+92 313 2476866,http://shiwantek.com/
Karachi,Spacious Software House,5,-2,602 Al Rahim Tower I I Chundigar Road,+92 316 8940010,http://www.spaciouspk.com/
Karachi,Website and Mobile Application Development Company Karachi - Software Development Company Pakistan,5,-2,"1st Floor Building, Office 2B, 17-C Stadium Lane 2",+92 311 8016231,https://www.waqrosoft.com/
Karachi,Objects Pakistan,4.6,-16,·,+92 21 32802638,http://objects.pk/
Karachi,Software House,5,-1,R4JV+HFF,+92 335 3162725,
Karachi,Software House,,,55-C Mezzanine Floor? 12 13th Commercial Street,+92 314 2156500,http://www.biznussoft.com/
Karachi,Website & Mobile App Development Company | Software Development Company Karachi | High On Cyber,4.8,-8,Stadium Lane 2,+92 341 2427708,https://highoncyber.com/
Karachi,Software House,,,55-C Mezzanine Floor? 12 13th Commercial Street,+92 314 2156500,http://www.biznussoft.com/
Karachi,Tech Solution software house,5,-3,D-93,+92 331 0412344,
Karachi,ISR software Services Pvt. Ltd,4.7,-10,"19 First Floor Old Ralli Building, Talpur Road, Off:, I.I Chundrigar Rd",+92 21 32418280,http://www.isrpl.com/
Karachi,Creative Souls (Software House),5,-1,·,+92 343 3312132,https://creativesouls.net/
Karachi,Software house,5,-1,block 11 1,,
Karachi,BMSAS Technologies,5,-9,"Third Floor, ECON Plaza",+44 7732 506572,http://bmsastech.com/
Karachi,KalSoft Pakistan,4.8,-4,"Suite 305, 3rd Floor, Business Arcade",+92 21 34548858 ext. 120,
Karachi,kODRZ Software Company.,5,-1,·,+92 313 1232025,https://kodrz-mannananxari.vercel.app/
Karachi,InfoTech Private Limited,4.5,-26,"6th Floor, State Life Building No. 1, I.I Chundrigar Rd, opposite UBL Tower",+92 21 111 427 427,http://www.infotechgroup.com/
Karachi,Sassol Private Ltd,3.7,-17,"J, 9",+92 21 33371488,
Karachi,Xiom Software Company - Creative Software Agency,5,-2,"Office# 105, 1st Floor, Progressive Square, Main Shahra-e-Faisal",+92 21 34380531,
Karachi,CCODEZ | WEB DEVELOPMENT | SEO,5,-4,"Office No 4 Ground Floor Illaco House (Victoria, Abdullah Haroon Rd",+92 321 8068172,http://www.ccodez.com.pk/
Karachi,Active B Solutions,4.9,-35,"Office 515, 5th Floor, Madina City Mall, Abdullah Haroon Rd",+92 21 35221542,https://www.activebsolutions.com/
Karachi,Software House,,,55-C Mezzanine Floor? 12 13th Commercial Street,+92 314 2156500,http://www.biznussoft.com/
Karachi,Active B Solutions,4.9,-35,"Office 515, 5th Floor, Madina City Mall, Abdullah Haroon Rd",+92 21 35221542,https://www.activebsolutions.com/
Karachi,Cyber Avanza,5,-14,"Office# S4, Mateen Shoppers Gallery, Just, Tariq Rd, opp. Rehmania Masjid?",+92 312 2086080,
Karachi,software house,5,-1,quaidabad,+92 311 2805656,
Karachi,Spectrum tech software and production house,4.8,-6,"Plot 76-C, Mezzanine Floor, Khayaban-e-Jami, D.H.A? Ext? Phase 7",+92 322 2812976,http://spectrum-tech.net/
Karachi,Software House,2,-1,"V4J6+MMV, Shahrah-e-Faisal",+92 318 8198816,
Karachi,Reliable Technologies,4.9,-112,"G-52, central Plaza, Marston Rd",+92 310 2673651,https://reliabletech.pk/
Karachi,Inertiasoft Private Limited,4.4,-17,"14th & 15th floor, BRR Tower, I.I Chundrigar Rd",+92 21 34961138,https://inertiasoft.net/
Karachi,Software House,5,-1,north karachi 11-A,+92 315 0111674,
Karachi,Paksofty Software House,5,-2,"R5PG+342, 4B Area Rd",+92 317 2301943,
Karachi,Applied Software House,4.5,-4,"Flat No. 105, 106, Ellahbad Terrace, Plot 6",+92 336 2454230,http://www.jahangir.com/
Karachi,Intelligenes - Global Delivery Center,4,-37,"Dilkusha Forum, 7 Tariq Rd",+92 21 34540315,https://www.intelligenes.com/
Karachi,CLIXSTA - Website Designing & E-Commerce Web Development Company,5,-80,"Suit 1108, Kashif Center, Main Shahra-e-Faisal, near Hotel Mehran",+92 345 2065321,https://www.clixsta.com/
Karachi,Virtual Bay It Software House,5,-1,Plot C 164,+92 324 2147903,http://www.virtualbay.co/
Karachi,Software Developer,3,-2,W2RW+X9H,+92 333 2311951,
Karachi,Apna Software House,3.9,-12,W47X+WJF,+92 331 2309633,
Karachi,Mindflare Technologies,4.9,-16,"A-708, Saima Trade Tower, I.I Chundrigar Rd",+92 21 32275125,https://mindflaretech.net/
Karachi,Techwards,4.9,-17,"Suite no 216, 2nd Floor, Business Arcade",,https://www.techwards.co/
Karachi,Access Group,4.3,-53,"R2W2+PRM, FF, Block F, Mehersons Estate, Talpur Road",+92 21 111 111 974,http://www.access.net.pk/
Karachi,AL-Rehman Technologies (ART),4.4,-67,·,+92 21 32782272,http://www.al-rehman.com/
Karachi,OBJECTUAL SYSTEMS LTD,3.8,-15,Plot 73 J,+92 300 1794141,
Karachi,Softnox Technologies,3.1,-19,·,+92 21 33384782,
Karachi,Soliters,5,-9,"1st Floor, Light House, Mohammadi Building",+92 322 2878644,http://soliters.co/
Karachi,SyberEdge: Point of Sale Software Development,4.3,-7,"Plot R 1064, Federal B Area",+92 300 9225562,http://www.syberedge.com/
Karachi,Active B Solutions,4.9,-35,"Office 515, 5th Floor, Madina City Mall, Abdullah Haroon Rd",+92 21 35221542,https://www.activebsolutions.com/
Karachi,SyberEdge: Point of Sale Software Development,4.3,-7,"Plot R 1064, Federal B Area",+92 300 9225562,http://www.syberedge.com/
Karachi,Geeks House,5,-5,·,+92 346 3200208,
Karachi,Workstream Automation (Pvt) Limited,4.2,-40,"Mezzanine floor, Faiyaz Center, Shahra-e-Faisal",+92 21 34331502,https://workstreamautomation.com/
Karachi,Software house,1,-1,W5F2+W73,+92 328 2589943,
Karachi,"Software house, website designing and production house in Karachi Pakistan - Spectrum Tech",3,-1,24th Commercial St,+92 312 2303629,http://spectrum-tech.net/
Karachi,Google workspace in Karachi Pakistan - WEBITECH,5,-15,·,+92 316 4790092,https://gworkspacepak.com/
Karachi,Webtrica | Web Design Karachi | Web Design Pakistan | Web Design Company Karachi | SEO | Mobile App Development,4.7,-32,·,+92 336 8476582,https://www.webtrica.com/
Karachi,PAZ Technologies,4.3,-12,"Progressive Plaza, Office # M-14 Mezzanine Floor, Beaumont Rd",+92 332 2033582,https://paz.agency/
Karachi,NoveArts Software House,3,-1,V37F+F62 Sandbox building,+92 333 2142737,
Karachi,Wallsoft Technologies,4.4,-17,"A 9th Floor, Saima Trade Tower, 903 I.I Chundrigar Rd",+92 21 32638535,https://www.wallsofttech.com/
Karachi,Bari's Technology Solutions,4.1,-37,"Suite 502-504, Park Avenue, Shahra-e-Faisal",+92 21 34322405,http://www.baritechsol.com/
Karachi,Bohra Tech - Best Website Development in Pakistan,4.9,-9,"Office No# 809-3, 8th Floor, Fakhri Trade Centre, Shahrah-e-Liaquat, near Tayyabi Dawa Khana",+92 335 1365047,https://bohratech.com/
Karachi,Nubit Software,5,-6,"Suite 208-209 New PSX Building Stock Exchange Road, I.I Chundrigar Rd",+92 21 32428196,http://nubitsoft.com/
Karachi,Website Development Karachi,5,-1,"St-62, Jama Masjid Siddique Akbar RZ, Sector 11-A, Gulshan E Usman, North? Karach? Sector 11-A, Karachi, Pakistan",+92 321 9219977,
Karachi,Bohra Developers,4.7,-69,"6B-3, 6th Floor, Fakhri Trade Centre, Shahrah-e-Liaquat",+92 21 32275252,https://www.bohradevelopers.com/
Karachi,Karachi Software Company,,,"House No. A-60 G-Floor, Sector 11 B North Karachi North, 11 B",+92 341 2260559,https://innovationalmedia.com/
Karachi,Curve Technologies Pvt Ltd,4.2,-6,"205 Japan Plaza, Muhammad Ali Jinnah Rd",+92 21 34169940,
Karachi,Finosys (Private) Limited,4.5,-10,"Plot D, 38",+92 332 2255465,
Karachi,V-Tech Solution,4.9,-14,"Suit no, 224 Glass Tower Street",+92 325 8549135,
Karachi,ECrown Tech,4.2,-5,"Office No M78, merry wader Tower, Jillani Center",+92 331 3978670,http://www.ecrowntech.com/
Karachi,SellOut,3.5,-4,D19 / 1A Block 4 Clifton Karachi Pakistan,+92 311 1152622,
