City,CompanyName,Rating,Reviews,Address,PhoneNumber,WebsiteURL,Website_Present,Contact_Complete,Phone_OK,Website_OK
Gujranwala,Aroush IT Lab,4.5,-43.0,48-C Block? Trust Plaza,0313 7493888,Not-Available,False,True,1,0
Gujranwala,IvisionsTech Software House ( SEO | Website & App Design And Development | Website Hosting | Graphics Designers | App | Web),5.0,-78.0,"2nd Floor, 672-B, near Mohsin Saeed Fabrics, near Billa Chowk",0321 6661363,http://ivisionstech.com/,True,True,1,1
Gujranwala,Bestosoft | Best software House in Gujranwala,5.0,-3.0,"558X+48V, Pasrur Rd",0309 7150035,http://bestosoft.co/,True,True,1,1
Gujranwala,Innovate Technologies Pakistan,5.0,-124.0,·,0312 2879500,https://innovate.com.pk/,True,True,1,1
Gujranwala,SyncOps,5.0,-54.0,"Mumtaz Market, GT Rd, opposite Chaseup Shopping Mall",0301 8678319,https://www.syncops.tech/,True,True,1,1
Gujranwala,Dev Valley Software House and Incubation Centre,5.0,-78.0,Not-Available,Not-Available,https://web.facebook.com/devvalley001,True,False,0,1
Gujranwala,Developers Roots Private Limited,4.9,-12.0,"Office #3 ,1st floor, Super Golden Plaza, main GT Rd, opposite trust Plaza",Not-Available,http://www.developersroots.com/,True,False,0,1
Gujranwala,auxilium.digital,4.9,-16.0,"c, 365 C block",(055) 4242035,http://auxilium.digital/,True,True,1,1
Gujranwala,ITS Tech World - Software Company,4.8,-50.0,"Office# 23, First Floor, T Block, Trust Plaza",0321 6472001,http://www.itstechworld.com/,True,True,1,1
Gujranwala,BestTech Software House|IT Training Center,5.0,-4.0,Main Disposal Rd,0300 6413163,Not-Available,False,True,1,0
Gujranwala,Greenzay Group,4.7,-35.0,·,0316 7221808,https://greenzay.com/,True,True,1,1
Gujranwala,DIGITONEX,5.0,-14.0,"Shop no 144, T Block, Trust plaza, GT Rd",0310 7880888,Not-Available,False,True,1,0
Gujranwala,PMS Software House,4.6,-16.0,·,0321 7554421,https://www.pms.net.pk/,True,True,1,1
Gujranwala,Technic Mentors,5.0,-110.0,·,0311 1122144,https://technicmentors.com/,True,True,1,1
Gujranwala,Ultimate Solutions,2.6,-7.0,Main Market,0300 6468177,http://ultsol.biz/,True,True,1,1
Gujranwala,Tecno sphere,4.9,-33.0,"2nd floor, Mumtaz market, Shafique center",0312 2555000,http://tecnosphere.com.pk/,True,True,1,1
Gujranwala,IT OASIS,4.6,-22.0,"Mumtaz Market, Main GT Rd",0304 9008079,Not-Available,False,True,1,0
Gujranwala,OSys Technologies- A Software Solution Company,5.0,-3.0,"First Floor, Opt. Trust Plaza, Super Golden Plaza, Office # 5 GT Rd",(055) 3731133,Not-Available,False,True,1,0
Gujranwala,ZeBuck,5.0,-3.0,14C New,0335 7700074,https://www.zebuck.com/,True,True,1,1
Gujranwala,Hybreathe,4.9,-14.0,"2, 0553 Jinnah Rd",0316 7068888,Not-Available,False,True,1,0
Gujranwala,Virtual Software Company LLC,5.0,-2.0,"Office No. 11, 4th Floor, Trade Center, G.T. Rd",+92 316 8547404,https://virtualsoftwarecompany.com/,True,True,1,1
Gujranwala,Sentaxlab Software Company,4.6,-5.0,"Office No 7, 3rd floor, trade center",+92 312 3385888,http://www.sentaxlab.net/,True,True,1,1
Gujranwala,Aims Soft Technologies,5.0,-1.0,"37-A Satellite Town, Ghulam Dastagir Khan Rd",+92 332 4477000,http://www.aimssoftech.com/,True,True,1,1
Gujranwala,Adam Tech(Software House),5.0,-1.0,"Al-bilal Road, link Hafizabad Rd",Not-Available,Not-Available,False,False,0,0
Gujranwala,Expert Soft Solution,4.7,-38.0,74-A,+92 301 4728930,https://expertsoftsolution.com/,True,True,1,1
Gujranwala,ALYYLA SOLUTIONS (SMC-PRIVATE) Limited,4.9,-29.0,Shop 1 DC Rd,+92 321 8888914,http://alyyla.com/,True,True,1,1
Gujranwala,AimGet Solution,4.5,-2.0,·,+92 315 7474084,Not-Available,False,True,1,0
Gujranwala,Sizdom Technologies,4.7,-18.0,"LG-17? Bhutta Center, GT Rd",+92 321 6284311,http://www.sizdom.com/,True,True,1,1
Gujranwala,Getsol Inc,4.9,-9.0,"Sunny Centre, Satellite town",+92 322 5646617,Not-Available,False,True,1,0
Gujranwala,"Standard Solutions, Gujranwala, Punjab, Pakistan",5.0,-5.0,596 B? Markazi Jamia Masjid Road,+92 322 9227464,Not-Available,False,True,1,0
Gujranwala,LuxoSoft Technologies,4.9,-15.0,Garden Town 3,+92 318 8368003,https://luxosofttechnologies.com/,True,True,1,1
Gujranwala,Tech GP 360 PVT LTD (Software House),0.0,0.0,01,+92 342 6222376,https://tech.guestposts360.com/,True,True,1,1
Gujranwala,Pakistan Best Software Company,5.0,-1.0,Office #20T Tblock Turst Plaza Gujanwala,+92 313 7493888,Not-Available,False,True,1,0
Gujranwala,ITechDoor Software Solutions,4.5,-2.0,nouman block,+92 324 6280768,https://itechdoor.com/,True,True,1,1
Gujranwala,Brackets Private Limited,4.7,-24.0,"2nd floor, Zia Plaza, GT Rd, opp. General Bus Stand Road",+92 300 1300797,https://bracketsltd.com/,True,True,1,1
Gujranwala,FastSoftwareSolution,4.5,-2.0,"Shop NO, Gold Star Factory, 51",Not-Available,Not-Available,False,False,0,0
Gujranwala,Software Development and Computer Education,0.0,0.0,11-E Block Rathore house,+92 305 7718742,https://abidingtech.com/,True,True,1,1
Gujranwala,Alpha Solutions,4.9,-17.0,·,+92 349 4206922,https://alphasolutions.online/,True,True,1,1
Gujranwala,Abq Mughal Software house,5.0,-2.0,56Q5+H39,Not-Available,Not-Available,False,False,0,0
Gujranwala,KAZ Technologies,4.6,-16.0,"2nd floor, Super Golden Plaza, G.T Road",+92 323 6456471,http://www.kaztech.com.pk/,True,True,1,1
Gujranwala,Fast Media Tech,4.0,-1.0,Fast Media Tech Plot 50 B Near Khaadi Main,+92 333 8333179,http://fastmediatech.com/,True,True,1,1
Gujranwala,StormDeve Software House,5.0,-5.0,"Saharan Street, Khokhar ki, Sialkot Road, Gujranwala Gujranwala Khokhar ki",+92 304 3840004,Not-Available,False,True,1,0
Gujranwala,Ahmad Bin Obaid,5.0,-2.0,"Mohsin Medical Store, Ghulam Dastagir Khan Rd, opposite Tayba General Store, near Bilal Masjid",+92 310 0078066,http://mrwebapp.com/,True,True,1,1
Gujranwala,Magnificent IT Solutions,5.0,-1.0,"5th Floor office, Trade Center, 20 G.T. Rd",+92 321 7786216,Not-Available,False,True,1,0
Gujranwala,Dawnsol,5.0,-2.0,"office# 30, Second Floor Green Center",+92 327 9503283,https://www.dawnsol.com/,True,True,1,1
Gujranwala,Hafsa SEO outreach Gujranwala,5.0,-1.0,·,+92 345 6237248,https://sites.google.com/view/hafsa-bib-portfolio/home,True,True,1,1
Gujranwala,ZEESHAN BUKHARI,5.0,-1.0,"55FM+V9C GBC, GT Rd",+92 324 9771350,Not-Available,False,True,1,0
Gujranwala,SEO Services Company Gujranwala | Rank SEO Strategies,5.0,-1.0,"Gujranwala business center GBC Basement 1,Trust Plaza",+92 309 9084052,Not-Available,False,True,1,0
Gujranwala,Esystematic Technologies,4.7,-14.0,"Near Cafe 09, 30-GC",+92 311 3999345,https://www.esystematics.com/,True,True,1,1
Gujranwala,6Flicks Technologies,4.9,-40.0,"672-B 2nd Floor Sheraz Investment Plaza, near Billa Pan Shop",+92 320 5678911,https://6flicks.com/,True,True,1,1
Gujranwala,Cognizant Techs,0.0,0.0,·,+92 342 7443236,Not-Available,False,True,1,0
Gujranwala,Greenzay Technologies Social Media Advertising Website Designing Software Development,0.0,0.0,557V+QRH,Not-Available,Not-Available,False,False,0,0
Gujranwala,Innovium Technologies,5.0,-2.0,731 B,+92 314 7031007,https://innoviumtechnologies.com/,True,True,1,1
Gujranwala,Infinkey Solutions Private Limited,4.8,-47.0,65H8+H64,+92 55 8171817,http://www.infinkey.com/,True,True,1,1
Gujranwala,SQA developers,5.0,-7.0,Khalid Bin Waleed Rd,+92 311 0427743,Not-Available,False,True,1,0
Gujranwala,BeastApp Technologies,5.0,-14.0,"Gondlanwala Rd, near Inayat Eng. Works",+92 302 6881965,Not-Available,False,True,1,0
Gujranwala,SKYLINE Business Solutions,4.8,-36.0,"Mumtaz Market, GT Rd, opp. Chase Up",+92 55 3821742,http://www.skylinebizsol.com/,True,True,1,1
Gujranwala,Pakistan IT Solutions (Private) Limited.,4.9,-33.0,·,+92 320 1117487,https://pits.pk/,True,True,1,1
Gujranwala,vSync Technologies,4.8,-18.0,·,+92 324 6108100,http://vsynctech.live/,True,True,1,1
Gujranwala,Softix Technologies,4.4,-72.0,·,+92 334 4400443,https://softix.com.pk/,True,True,1,1
Gujranwala,Sprint Solutions,3.6,-14.0,"Sialkot Rd, opposite Church",+92 300 6316630,Not-Available,False,True,1,0
Gujranwala,PMS (Pvt.)Ltd. (Registered Office),4.8,-5.0,"2nd Floor, Al Sharif Market, Main Model Town Rd",+92 55 3844800,https://pms.net.pk/,True,True,1,1
Gujranwala,Full Solution Services,4.5,-2.0,"56M3+82H, Sialkot Rd",+92 320 4994990,Not-Available,False,True,1,0
Gujranwala,softarena solutions,4.1,-7.0,"55GM+V7C, Service Rd",+92 300 8136544,Not-Available,False,True,1,0
Gujranwala,Softweblinks Company & Training institute,5.0,-2.0,"2 Jinnah Rd, opposite madina market",+92 307 5066520,Not-Available,False,True,1,0
Gujranwala,izy Logic,4.4,-8.0,"Business Center? 2nd floor, Gujranwala? Grand Trunk Road",+92 305 5514833,http://www.izylogic.com/,True,True,1,1
Gujranwala,Uzlogic,4.9,-22.0,"Sialkot Rd, near Babar Bashir Clinc",+92 304 2336926,Not-Available,False,True,1,0
Gujranwala,Nicesoft - Software Company,5.0,-20.0,"Linked, road",+92 323 7591466,http://www.nicesoft.pk/,True,True,1,1
Gujranwala,Systems Logics PVT LTD,4.0,-4.0,150 B Model Town,+92 300 6225355,https://www.systemslogics.com/,True,True,1,1
Gujranwala,Digicare IT Consultants,5.0,-1.0,·,+92 337 0440033,http://www.digicare.com.pk/,True,True,1,1
Gujranwala,Softa Solutions,5.0,-20.0,"Nobel Plaza, GT Rd, near sufi hotel",+92 55 3845880,https://softasolutions.com/,True,True,1,1
Gujranwala,Codimate Solutions,4.7,-3.0,Sialkot Bypass,Not-Available,https://www.codimatesolutions.com/,True,False,0,1
Gujranwala,The Thistle Software,5.0,-2.0,"Model, Moh, naila Chowk, near Gondlanwala Road",+92 301 8909695,Not-Available,False,True,1,0
Gujranwala,Nexl Tech,5.0,-3.0,15 D Garden Town Phase 3 Gujranwala Phase 3,Not-Available,https://nexltech.com/,True,False,0,1
Gujranwala,Abdullah Software house,1.0,-1.0,"Muhallah Bakhtay Wala, Muslim Road, Street 4, near Gap Chowk",+92 311 1765486,https://xpertswp.com/,True,True,1,1
Gujranwala,Interactive Productions,0.0,0.0,"Sheikho Colony, Bheikhopur Sialkot Rd",+92 332 5274433,http://www.mybrandip.com/,True,True,1,1
Gujranwala,INNOPPIA Pakistan,3.9,-16.0,"56R6+25V, Mian Traders Showroom Plaza, Wania More, Sialkot Rd",+92 55 4805360,https://innoppia.pk/,True,True,1,1
Gujranwala,Sarck Solution,0.0,0.0,"29-GC, opposite Main Park",+92 349 1162005,https://sarcksolution.com/,True,True,1,1
Gujranwala,MushTech Software Solutions,4.8,-4.0,·,+92 306 1108590,Not-Available,False,True,1,0
Gujranwala,Devstorm Technologies,5.0,-2.0,"Office #3C, Jahangir Center, DC Rd",+92 324 8651939,https://devstormtech.com/,True,True,1,1
Gujranwala,SKC Technologies,5.0,-46.0,"Super Mobile Market Shop, Street Number 18",+92 332 8003636,http://skctechno.com/,True,True,1,1
Gujranwala,Bizdesk,5.0,-2.0,"SCD, Church Rd",+92 300 7431189,Not-Available,False,True,1,0
Gujranwala,XenBulletin Software Company,0.0,0.0,"55PQ+X62, Gali Number 11",Not-Available,Not-Available,False,False,0,0
Gujranwala,MB Soft Solution,5.0,-1.0,"Bhagbhanpura chowk, Hafizabad road, road, near sadiq",+92 316 1465299,https://mbsoftsolution.com/,True,True,1,1
Gujranwala,Qubitars Technologies,5.0,-2.0,"Plot 90, Mumtaz Market, GT Rd, opposite Chase Up",+92 302 6469153,https://qubitars.com/,True,True,1,1
Gujranwala,WA Solutions,5.0,-1.0,Road Bajwa Rd,+92 300 0000000,http://0000000000.com/,True,True,1,1
Gujranwala,ALBAB Creators/ ALBAB Technology,2.0,-2.0,138 D St,+92 300 8415363,https://albabcreators.com/,True,True,1,1
Gujranwala,TechSol An IT Firm,4.0,-1.0,"Opp.Trust Plaza, Super Golden Plaza, Office #5, First, GT Rd",+92 300 7110032,Not-Available,False,True,1,0
Gujranwala,Torce Networking,0.0,0.0,Disposal Rd,+92 316 4000186,https://torcenetworking.com/,True,True,1,1
Gujranwala,Noaman Aziz |SEO Expert Gujranwala,4.6,-11.0,"552F+4X9, near gov girls collage",+92 336 6495110,Not-Available,False,True,1,0
Gujranwala,Mindspire,5.0,-14.0,·,+92 329 6273720,https://mindspire.org/,True,True,1,1
Gujranwala,Design Studio,5.0,-5.0,Main Market Satellite,Not-Available,https://designstudio.com.pk/,True,False,0,1
Gujranwala,EraTech,4.7,-3.0,"Phase 2, IT, no 3, Plot No 110 GC flate, near Shiza Saloon",+92 301 6615034,http://www.eratech.pk/,True,True,1,1
Gujranwala,KualitySoft.,4.4,-16.0,·,+92 315 6461550,https://www.kualitysoft.co.uk/,True,True,1,1
Gujranwala,SEO Expert Gujranwala (Noaman Aziz),5.0,-2.0,College St,+92 310 7880888,Not-Available,False,True,1,0
Gujranwala,Netstech Software Solutions (PVT) LTD,2.0,-1.0,"Sialkot Rd, opposite old passport office",+92 307 6201169,https://netstech.net/,True,True,1,1
Gujranwala,CoralDraw Designs,5.0,-1.0,"55MW+WCF, Near Nomi Autos Jinnah road, Kacha Fatomand Road",+92 336 6149248,http://mtalhazafar.com/,True,True,1,1
Gujranwala,AR TecSolution,0.0,0.0,"Office #1, near Ahmed General Store",+92 303 2222503,https://artecsolution.com/,True,True,1,1
Lahore,Vision Plus,3.9,-155.0,near Aubiya Market,0319 7776976,https://www.google.com/aclk?sa=l&ai=DChcSEwiT3vWi7d-OAxVWqIMHHdbDITAYABAAGgJlZg&co=1&ase=2&gclid=CjwKCAjwv5zEBhBwEiwAOg2YKJFHZLQD-huGkonCRFlfEX9JcZ0GBU88yAi3DGZKSVjaEPL7rvY_cRoClcAQAvD_BwE&category=acrcp_v1_48&sig=AOD64_1PLaNPj3PngVz7d0SkndGjQiGUrQ&adurl&q&ctype=99&nis=6,True,True,1,1
Lahore,IT Genesis -- The Best Software House in Lahore | The Best Software Company in Lahore | Software House in Lahore,4.7,-110.0,·,+92 301 9105640,http://www.itgenesis.net/,True,True,1,1
Lahore,Bit Technologies Lahore- Software House - Website Development - SEO Services - IT Company,4.8,-55.0,·,+92 301 9059680,https://bittechnologies.co/,True,True,1,1
Lahore,Arbisoft,4.5,-677.0,·,+92 42 37498533,https://www.arbisoft.com/,True,True,1,1
Lahore,IT Genesis - - Software House in Lahore - - Software company in Lahore / Software house in Gulberg,4.9,-58.0,73-E/1? IT TOWER? 111 Hali Rd,+92 308 4926007,https://itgenesis.net/,True,True,1,1
Lahore,REX Technologies | Software Company in Lahore,4.5,-75.0,·,+92 313 7398324,https://www.rextech.pk/,True,True,1,1
Lahore,Techlogix Pakistan (Pvt.) Ltd.,4.5,-251.0,39 Empress Road,+92 42 111 859 859,http://www.techlogix.com/,True,True,1,1
Lahore,TechnoLyte Software House - Top IT Agency,5.0,-15.0,·,+92 307 4914979,https://technolyte.com/,True,True,1,1
Lahore,GenXe Technologies,4.9,-205.0,"Office # 36-37F, First Floor Gulberg Center, 84-D1 Main Boulevard Gulberg",+92 300 5624325,https://genxe.com.pk/,True,True,1,1
Lahore,"Jewellery Software House in Lahore,Pakistan",4.6,-113.0,·,+92 300 7660141,Not-Available,False,True,1,0
Lahore,IT Genesis/ The best software house in lahore,4.5,-66.0,Office 34 Gohar center Near muslam Town Mor? Muslam,+92 308 4926007,https://www.itgenesis.net/,True,True,1,1
Lahore,Contour Software Pvt. Ltd,4.8,-159.0,·,+92 42 35788961,http://contour-software.com/,True,True,1,1
Lahore,First Idea Web Development (Pvt) Ltd. Domain Hosting Company | Web Development Software House,4.3,-161.0,·,+92 321 4136474,https://firstideaweb.com/,True,True,1,1
Lahore,Arban Tech Software House (pvt) Ltd.,4.8,-48.0,"Office # 7, 3rd fl, Madina Heights, Bl E, Johar Town, Lahore, Pakistan, Or, Just Call And Select Meeting Place",Not-Available,Not-Available,False,False,0,0
Lahore,PETSAAL TECHNOLOGIES PVT LTD | Best Software House | IT Solution | ERP CRM Development,4.7,-24.0,"1, 2nd Floor TecVezoto, 2nd Floor) of TecVezoto, 2 Km From, opposite Ring Raod, near Netsol Avenue",+92 333 5849688,https://petsaaltech.com/,True,True,1,1
Lahore,Quaid Soft ® | A Real Estate Software - Housing Scheme Software Company in Lahore Pakistan,5.0,-14.0,"Al Hafeez Shopping Mall, Office No. 325, 3rd Floor, Main Blvd Gulberg",+92 321 4812006,https://www.quaidsoft.com/,True,True,1,1
Lahore,Olumi Tech - Lahore software house,5.0,-73.0,"1566, 124 Walton Rd",+92 316 8844669,http://www.olumitech.com/,True,True,1,1
Lahore,ABODE PVT LTD,4.5,-30.0,76,+92 42 35465754,http://www.abconline.us/,True,True,1,1
Lahore,Intelliscence - Software Development Company / Software House,4.6,-82.0,"Office No 04, Ground Floor? Ross Resedentia, Canal Rd",+92 345 4090775,https://www.intelliscence.com/,True,True,1,1
Lahore,i2c Inc.,4.6,-966.0,·,+92 42 111 000 048,https://www.i2cinc.com/,True,True,1,1
Lahore,Q-Soft Technologies,4.4,-36.0,15 Ghazi Rd,+92 42 35452209,http://qsoft.pk/,True,True,1,1
Lahore,eForce Labs | Software House in Lahore | SEO Agency in Lahore,4.8,-4.0,"Building # 13, Sadiq Street",+92 300 1012663,https://eforcelabs.com/,True,True,1,1
Lahore,Spadasoft Software Development Company,4.6,-33.0,234-C PIA Main Boulevard,+92 325 1041041,http://www.spadasoft.com/,True,True,1,1
Lahore,Whetstonez - software company in Lahore,4.6,-38.0,109,+92 42 35773450,https://whetstonez.com/software-company-lahore/,True,True,1,1
Lahore,Techverx,4.3,-233.0,·,+92 42 32535353,http://www.techverx.com/,True,True,1,1
Lahore,"GraceSol Technologies - Lahore, Pakistan",4.8,-16.0,·,+92 320 1114466,http://www.gracesol.com/,True,True,1,1
Lahore,Webtohelp | Software House in Lahore,4.8,-8.0,"Office NO 27,Floor P2,Jeff Heights",+92 303 4996452,Not-Available,False,True,1,0
Lahore,"Visnext Software Solutions, Lahore",4.3,-80.0,"First Floor 1C - 5, Sikandar Ali Malhi Rd",+92 42 35752867,http://visnext.com/,True,True,1,1
Lahore,IRG Global Technologies - Application & Software Development - BPO - ERP - CRM - POS Solutions - Networking & IT Systems,4.9,-54.0,"Ground, 48 Commercial",+92 324 4443823,https://irgglobal.co/,True,True,1,1
Lahore,Vaival Technologies - Headquarter,4.4,-133.0,145 Madina St,+92 42 37881954,https://www.vaival.com/,True,True,1,1
Lahore,Pro4Tech Web Development Software House in Lahore,5.0,-5.0,"Pakistan, Mint Gate Pkwy, near to Shalimar Town",+92 305 4311341,Not-Available,False,True,1,0
Lahore,Rana Technologies. Web Development Lahore | Software House,3.7,-45.0,"410? Al Hafeez Shopping Mall, 321 Main Blvd Gulberg",+92 313 4226171,https://www.ranatechnologies.com/,True,True,1,1
Lahore,Software House,4.3,-19.0,"rajpoot taimoor, ARFA Tower, Lahore – Kasur Rd",+92 343 1623568,Not-Available,False,True,1,0
Lahore,KeyDevs Technologies Pvt. Ltd. Lahore,4.4,-21.0,·,+92 339 5393387,https://keydevs.pk/,True,True,1,1
Lahore,Phaedra Solutions (Pakistan),4.8,-39.0,"2 West Canal Rd, opposite Doctor Hospital",+92 42 32363305,https://www.phaedrasolutions.com/,True,True,1,1
Lahore,Sixlogics Pakistan,4.6,-65.0,"4th Floor, ONE-R, MM Alam Road, Mini Market Round About",+92 42 38864562,https://www.sixlogics.com/,True,True,1,1
Lahore,"ShehzadOnline | Website Design, Development, Domain, Hosting & SEO Company, Lahore Pakistan.",4.5,-11.0,"Office No 16, 2nd Floor, Lucky Center",+92 333 7494667,https://shehzadonline.com/,True,True,1,1
Lahore,BITLogix (Pvt) Limited,4.7,-38.0,"4th Floor, W Mall, 23 MM Alam Rd",+92 42 35781941,http://www.ebitlogix.com/,True,True,1,1
Lahore,Housecodies,5.0,-17.0,"M-9, Khan Arcade",+92 324 4421140,https://housecodies.com/,True,True,1,1
Lahore,Web Design and Development Company Garden Town Lahore,4.4,-17.0,Plot 165,+92 321 6886880,https://www.thexpertz.com/,True,True,1,1
Lahore,Royal Software House,3.5,-22.0,"H832+79F, Bhatia St",+92 343 0000000,http://www.royalsofts.com/,True,True,1,1
Lahore,Vision Plus,3.9,-155.0,near Aubiya Market,0319 7776976,https://www.google.com/aclk?sa=l&ai=DChcSEwjC1Y-v79-OAxXWlIMHHTcQG6EYABAAGgJlZg&co=1&ase=2&gclid=CjwKCAjwv5zEBhBwEiwAOg2YKL8L_ZOMxoIMePppuPZRPgJ-e6PjW18PKmeXJt0WC87Qv6XWOw8rXBoCnKoQAvD_BwE&category=acrcp_v1_48&sig=AOD64_2aWzd5uZYvtNg9GS9Xf-OkQNvwXw&adurl&q&ctype=99&nis=6,True,True,1,1
Lahore,Whizzbridge,4.7,-24.0,·,+92 344 6305235,https://whizzbridge.com/,True,True,1,1
Lahore,Crewlogix Technologies,4.4,-128.0,"C1, 112, E Ghalib Rd",+92 42 38915581,http://www.crewlogix.com/,True,True,1,1
Lahore,Tech Scale,4.8,-20.0,·,+92 42 35199089,https://techscale.io/,True,True,1,1
Lahore,softvalley software house,4.0,-63.0,"House No, 362",Not-Available,http://www.softvalley.com.pk/,True,False,0,1
Lahore,ITCHAMPX A Solution Providing Company,4.8,-37.0,"Shop#110 , Ground Floor, Jeff Heights Plaza",+92 321 3413419,http://www.itchampx.com/,True,True,1,1
Lahore,10Pearls Lahore,4.7,-56.0,·,+92 42 32150119,https://10pearls.com/,True,True,1,1
Lahore,FireWorks Technology (A software development company),4.0,-61.0,"Office 10, First Floor, Big City Plaza, Gulberg 3 Liberty Round About",+92 345 4777487,http://www.fireworkstech.com/,True,True,1,1
Lahore,Educative,4.5,-98.0,·,+92 309 6663955,http://www.educative.io/,True,True,1,1
Lahore,Siemens Industry Software,4.8,-83.0,·,+92 42 36099100,http://www.mentor.com/,True,True,1,1
Lahore,zAmtech Software House,4.5,-14.0,"Mega Tower, Office no 19, M1, 19 Main Boulevard Gulberg",+92 310 4036782,https://technolyte.com/,True,True,1,1
Lahore,E Tech Software House,4.8,-4.0,"VHCW+WJC, First Floor Gulberg School Main",+92 318 6110269,http://www.etechsh.com/,True,True,1,1
Lahore,Ekkel AI (Private) Limited,4.5,-11.0,"Ashiana Center, G87R+3W Lahore Office 345, 6th Floor, Left Wing",+92 345 6016408,https://www.ekkel.ai/,True,True,1,1
Lahore,Contour Software,4.3,-88.0,·,+92 42 35788961,http://contour-software.com/,True,True,1,1
Lahore,Techcreatix,4.6,-23.0,·,+1 212-518-1027,http://www.techcreatix.com/,True,True,1,1
Lahore,Visual Software Developers,4.9,-73.0,·,+92 333 7454059,https://softbiller.com/,True,True,1,1
Lahore,Webihouse,4.9,-11.0,Lahore – Kasur Rd,+92 331 6393354,http://webihouse.com/,True,True,1,1
Lahore,Techifort (Pvt.) Ltd.,4.6,-11.0,"2nd floor office # 202A, siddiq trade center",+92 300 6047149,https://www.techifort.com/,True,True,1,1
Lahore,Bestosoft- The best software house in Pakistan,4.7,-6.0,F9FF+W9M,+92 301 4836286,http://www.bestosoft.co/,True,True,1,1
Lahore,HP Software House,4.3,-3.0,"House # 8, St. 3",+92 321 3881381,http://www.hpsoftwarehouse.com/,True,True,1,1
Lahore,TxLabz,4.9,-71.0,13 D1,+92 315 4846690,https://txlabz.com/,True,True,1,1
Lahore,Rolustech,4.3,-181.0,·,+92 42 36407166,https://www.rolustech.com/,True,True,1,1
Lahore,SeeBiz Pvt Ltd.,4.6,-79.0,·,+92 42 35756451,https://see.biz/,True,True,1,1
Lahore,Silversoft Solutions,4.9,-16.0,"Office # 25, P1, Lahore Jeff Heights, Main Boulevard Gulberg",+92 322 4396763,https://www.silversoftsolutions.site/,True,True,1,1
Lahore,SHIL - Software house in Lahore,5.0,-2.0,"30-B A1, Malik Tufail Rd",+92 339 5393387,https://softwarehouseinlahore.com/,True,True,1,1
Lahore,Conrad Labs,4.8,-44.0,50-N Gurumangat Rd,+92 42 35876257,http://www.conradlabs.com/,True,True,1,1
Lahore,Code District,4.6,-53.0,·,+92 42 32324298,https://www.codedistrict.com/,True,True,1,1
Lahore,SID SOFTWARE HOUSE PVT LTD,5.0,-1.0,"19-CL, First Floor, Abdalians Cooperative Housing Society",+92 335 5945900,https://www.sidtechnology.me/,True,True,1,1
Lahore,Naeem Software House,4.8,-19.0,·,+92 329 6219415,https://www.fiverr.com/aftech,True,True,1,1
Lahore,SAW Tech Software House,4.5,-10.0,HCJ3+CCF,+92 308 8608320,Not-Available,False,True,1,0
Lahore,SkimCode-Software House,4.0,-6.0,240E,+92 306 7112215,Not-Available,False,True,1,0
Lahore,Active House Technologies,5.0,-2.0,"Office # 19, 2nd Floor, IT Tower, Hali Rd",+92 42 35239025,Not-Available,False,True,1,0
Lahore,Website Developers in Lahore | Pakistan,5.0,-1.0,House# 8-B,+92 304 4488795,https://devblinks.com/,True,True,1,1
Islamabad,Software Development Hub,4.8,-34.0,"2nd floor, Gulberg Express Way, Madni Arcade, Bhati Society Rd",+92 341 5240748,https://softwaredevelopmenthub.com/,True,True,1,1
Islamabad,Jantrah Tech (Pvt) Ltd. - Software House in Islamabad,4.9,-45.0,·,+92 311 5254544,https://jantrah.com/,True,True,1,1
Islamabad,Bit Technologies | Web development Company Pakistan,4.9,-76.0,"National Incubation Center, Street 6",+92 310 5878854,https://bittechnologies.co/,True,True,1,1
Islamabad,Devsinc (Islamabad),4.7,-52.0,102 Chinar Rd,+92 306 0074645,https://www.devsinc.com/,True,True,1,1
Islamabad,Emumba Private Limited,4.6,-163.0,·,+92 51 4444711,http://www.emumba.com/,True,True,1,1
Islamabad,CDL | Software House in Islamabad/Pakistan | Best Digital Marketing Agency in Islamabad/Pakistan |,4.8,-19.0,·,+92 304 0738009,https://cdl.com.pk/,True,True,1,1
Islamabad,Redis Solution | Software House in Islamabad |,5.0,-49.0,"Office#1 2nd floor, ABC Plaza, 4th Road, Commercial Market Rd",+92 349 3614440,https://redissolution.com/,True,True,1,1
Islamabad,Software House in Pakistan,5.0,-1.0,"House 381, Main Double Rd",+92 333 8322151,https://redissolution.com/,True,True,1,1
Islamabad,"Systems Limited, Islamabad",4.8,-142.0,·,+92 311 9215639,http://www.systemsltd.com/,True,True,1,1
Islamabad,CodesOrbit,4.8,-74.0,"Plot#395, Fazal Technology Park, 396",+92 51 8356104,https://codesorbit.com/,True,True,1,1
Islamabad,Eziline Software House Pvt Ltd,4.4,-966.0,"Office #304-B Amna Plaza, near Radio Pakistan",Not-Available,https://eziline.com/,True,False,0,1
Islamabad,"All Tech 360 (Web Development Company, Web Development Islamabad , Software House In Rawalpindi)",5.0,-30.0,"Office f25, 2nd floor, Chandni Chow, Mid City Shopping Mall",+92 312 5676066,https://www.alltech360.com/,True,True,1,1
Islamabad,Pixel Sama | Software House in Islamabad | Software Companies in Pakistan,5.0,-7.0,·,+92 344 5786762,Not-Available,False,True,1,0
Islamabad,CentigmaSoft | Software Development in Islamabad | Mobile App | Software Outsourcing | Website Development in Islamabad,5.0,-20.0,·,+92 333 5067072,https://www.centigmasoft.com/,True,True,1,1
Islamabad,BEST SOFTWARE HOUSE,5.0,-3.0,Jinnah Ave,+92 300 4561122,Not-Available,False,True,1,0
Islamabad,DatumSquare IT Services Pvt. Ltd.,4.6,-128.0,·,+92 51 8319127,http://datumsquare.com/,True,True,1,1
Islamabad,M5HOST WEB DEVELOPMENT COMPANY ISLAMABAD,4.9,-162.0,·,+92 331 6640400,https://m5host.com/,True,True,1,1
Islamabad,Software House in Islamabad,5.0,-2.0,Corporate office f11,+92 340 0940016,Not-Available,False,True,1,0
Islamabad,"Web and App Development Company Rawalpindi, Islamabad, Pakistan",3.8,-24.0,House# 531 Street 46,+92 345 5248812,https://radiations3.com/,True,True,1,1
Islamabad,AKSA-SDS,4.6,-308.0,·,+92 51 2827582,https://www.aksa-sds.com/,True,True,1,1
Islamabad,NUEXUS IT COMPANY ISLAMABAD,5.0,-34.0,"Office 3B 1st Floor, Javed Arcade",+92 300 5874020,https://nuexus.com/,True,True,1,1
Islamabad,MR.MAH SOFTWARE SOLUTIONS,4.9,-20.0,4 Street 102,+92 345 6316461,Not-Available,False,True,1,0
Islamabad,Growstep Technologies - Best Software Company In Rawalpindi Pakistan,4.8,-36.0,Plot 59G Street 7,+92 333 5145322,https://growstepai.com/,True,True,1,1
Islamabad,Absoluit,4.2,-123.0,·,+47 94 09 91 91,https://absoluit.com/,True,True,1,1
Islamabad,Pixako Technologies (Pvt.) Ltd.,4.2,-81.0,Plot 30,+92 51 2706665,http://www.pixako.com/,True,True,1,1
Islamabad,NOW Software (Pvt.) Limited,4.7,-18.0,"Office # 1301-1306, 13th Floor, AJ Towers, Main Expressway",+92 51 8742000,http://now.net.pk/,True,True,1,1
Islamabad,Fazal Software Technology Park,4.6,-19.0,·,+92 51 4436448,Not-Available,False,True,1,0
Islamabad,UnitedSol,4.6,-72.0,349 Street 1,+92 51 8442246,https://www.unitedsol.net/,True,True,1,1
Islamabad,Leed Pakistan,4.5,-19.0,Plot 207 Service Rd N,+92 51 2745804,https://leeddev.io/,True,True,1,1
Islamabad,Zeropoint.IT Pvt Ltd,4.5,-61.0,"Plot No.32, Street No.36, I&T Centre",+92 51 2356201,http://zeropoint.it/,True,True,1,1
Islamabad,Techozon SMC PVT LTD,4.8,-21.0,"Office 503, Gulberg empire, Civic Center",+92 335 6701234,https://techozon.com/,True,True,1,1
Islamabad,Solutions Player,4.8,-53.0,"Office No. 201, 2nd Floor, Ghouri Mall",+92 300 4235593,http://www.solutionsplayer.com/,True,True,1,1
Islamabad,Pakistan Software House,5.0,-3.0,"House number 221-D G 7, 3-2 Street 1",+92 300 0923938,http://www.blogsweb4u.com/,True,True,1,1
Islamabad,SAR ZONE (Best Software House in Islamabad & Automation Center),5.0,-10.0,"SAR ZONE, office number 31, executive business center? 2 Markaz",Not-Available,https://www.sarzone.com/,True,False,0,1
Islamabad,DoMains,5.0,-21.0,"House no, 579 Gali 54",+92 340 7988223,https://do-mains.com/,True,True,1,1
Islamabad,SIQA Software Services (Private) Limited,4.3,-12.0,"208-210, The LandMark Plaza Service Road East, Islamabad Expy",+92 51 8742662,https://siqasoft.com/,True,True,1,1
Islamabad,Discretelogix (Private) Limited,4.9,-58.0,"Software Technology Park, Service Rd N",+92 51 8443637,https://www.discretelogix.com/,True,True,1,1
Islamabad,Convo,4.5,-108.0,"Plot # 134, Street 9",+92 51 8314394,https://www.convo.com/,True,True,1,1
Islamabad,House Islamabad,3.9,-7.0,"J49R+FFP, Street 9, near Al-Sadiq Library ICT",+92 334 6107765,http://www.orm.com.pk/,True,True,1,1
Islamabad,Funavry Technologies,4.6,-49.0,·,Not-Available,https://www.funavry.com/,True,False,0,1
Islamabad,E-strats,4.4,-52.0,"1, 4th Floor, Block C, Main Rd",+92 51 8486782,http://www.estratcom.com/,True,True,1,1
Islamabad,Codexier Software House,4.4,-16.0,"Police, Block C",+46 70 848 44 20,http://www.codexier.com/,True,True,1,1
Islamabad,Red Star Technologies,4.4,-16.0,"Flat No 4, Kyber Market, Emaan Arcade, Street 124",+92 314 9720158,https://redstartechs.com/,True,True,1,1
Islamabad,Circular Byte Private Limited,4.9,-62.0,"Office # S-31, Malikabad Plaza, 6th Rd",+92 51 2716458,https://circularbyte.com/,True,True,1,1
Islamabad,InfoTech Private Limited,4.3,-21.0,"1st Floor, Waheed Plaza, Plot 52 West, Blue Area,",+92 51 2604637,http://www.infotechgroup.com/,True,True,1,1
Islamabad,NineSol Technologies,4.0,-32.0,·,+92 51 2620085,http://www.ninesol.com/,True,True,1,1
Islamabad,Women Technology House,4.6,-27.0,·,+92 331 7071092,http://womentechhouse.com/,True,True,1,1
Islamabad,Software House,3.9,-12.0,"Office No 316, 3rd Floor Maryam Hall, 6th Rd",+92 301 9511945,http://www.ezeesoltech.com/,True,True,1,1
Islamabad,iOPTIME Pvt ltd,5.0,-21.0,·,+92 51 8732081,http://www.ioptime.com/,True,True,1,1
Islamabad,Online Yourself - Software House in Rawalpindi,3.5,-24.0,"House - LG 25? J3MF+763 Online Yourself, Mid City Shopping Mall, Murree Rd",+92 334 9590247,http://onlineyourself.com/,True,True,1,1
Islamabad,BIZTORCH SOFTWARE HOUSE,4.8,-8.0,"Total Engineering (Pvt) Ltd, Jinnah Ave",+92 51 8735600,http://biztorch.com/,True,True,1,1
Islamabad,Techuire,5.0,-9.0,Office 10 third floor lord trade center,+92 333 8322151,Not-Available,False,True,1,0
Islamabad,GRID Systems Pvt Ltd,4.6,-48.0,·,+92 51 8350664,http://www.globalrescue.com/,True,True,1,1
Islamabad,SilentSol Pvt. Limited,4.4,-17.0,·,+92 342 0945111,https://silentsol.com/,True,True,1,1
Islamabad,Software house IQ | software house in Islamabad,5.0,-2.0,"office no 4, al-Mustafa plaza, Murree Rd, near FIT Computer institute",+92 317 6817702,https://iqsoftwarehouseinrawalpindi.blogspot.com/2024/05/best-software-house-in-rawalpindi.html,True,True,1,1
Islamabad,SoftVisionist,5.0,-32.0,"office 5, Mujahid Plaza, Jinnah Ave",+92 301 1228226,https://softvisionist.com/,True,True,1,1
Islamabad,Whizpool,4.9,-36.0,·,+92 51 2280011,http://www.whizpool.com/,True,True,1,1
Islamabad,Enabling Systems Pvt. Ltd | Software House in Rawalpindi,4.6,-24.0,·,+92 51 4572157,http://enabling.systems/,True,True,1,1
Islamabad,Orbix Solutions Software Company,4.9,-16.0,·,+92 305 5337917,Not-Available,False,True,1,0
Islamabad,Cyberbeak - Custom Software Development Company,5.0,-2.0,Al-Babar Center,+92 302 6776476,https://cyberbeak.com/,True,True,1,1
Islamabad,Software house,5.0,-1.0,"House no, 718 street 52",+92 346 5723593,Not-Available,False,True,1,0
Islamabad,Evelogics IT Solutions (software company),4.6,-5.0,"Block 4, 2 Service Rd E",+92 307 5431134,https://www.evelogics.com/,True,True,1,1
Islamabad,Devsort,4.8,-15.0,"Office 304, Aniq Arcade",+92 51 2722250,https://devsort.net/,True,True,1,1
Islamabad,Genesis IT Lab,4.2,-57.0,"3rd floor, Building, Genesis IT Lab, 29 Street 40",+92 51 8356551,http://www.genesislab.com/,True,True,1,1
Islamabad,Arkhitech,4.1,-98.0,"Office 5, 2nd Floor, Al-Karam Plaza",+92 51 4858394,http://www.arkhitech.com/,True,True,1,1
Islamabad,Cubix IT,4.8,-10.0,Not-Available,Not-Available,https://cubixit.com/,True,False,0,1
Islamabad,Seven Software development,5.0,-1.0,·,+92 51 4101011,Not-Available,False,True,1,0
Islamabad,HA-TECHNOLOGIES (Private) Limited,4.7,-61.0,·,+92 343 9483955,https://hatechnologies.net/,True,True,1,1
Islamabad,Innovative Solutions & Development,4.6,-16.0,"Office 208, Second Floor Luxus Mall and Residency",+92 344 5526628,Not-Available,False,True,1,0
Islamabad,Digital Clad best software house in Pakistan,0.0,0.0,"office no 1, main street",+92 330 7867866,https://digitalclads.com/,True,True,1,1
Islamabad,Ideatech,4.6,-73.0,·,+92 336 8885333,http://www.ideatech.org/,True,True,1,1
Islamabad,Sahaara Software House,5.0,-1.0,"Near Attock Pump , Range Road Office No : 051-5160008 Cell No : 0334-5264948 0332-7001504",+92 332 7001504,Not-Available,False,True,1,0
Islamabad,Software house islamabad | Redis Solution | Software company in Pakistan,5.0,-1.0,JW7H+R79,+92 349 3614440,http://www.redissolution.com/,True,True,1,1
Islamabad,ProntX,3.0,-4.0,House no 774? 14 St 13-A,+92 318 5178973,https://prontx.com/,True,True,1,1
Islamabad,Mindswork Developments Islamabad | Software Company | Best IT Company,0.0,0.0,Plot 31-C St 17,+92 300 6247060,https://mindswork.org/,True,True,1,1
Islamabad,Globex Software Development Company,5.0,-1.0,Sughra Towers,Not-Available,Not-Available,False,False,0,0
Islamabad,KEN Solution,4.9,-11.0,near Directorate General Pakistan Post,+92 339 2226869,http://www.kensols.com/,True,True,1,1
Islamabad,ePatronus IT Solutions,4.9,-19.0,"ePatronus Office, 2nd Floor, The Box Building STP, Plot # 11",+92 337 3333925,http://www.epatronus.com/,True,True,1,1
Islamabad,SoftStack Technologies,5.0,-6.0,"Flat-9, Block 4/C, 1 Street 10",+92 310 5625584,Not-Available,False,True,1,0
Islamabad,AlphaSquad,4.7,-23.0,·,+92 300 0691117,https://alphasquad.studio/,True,True,1,1
Islamabad,Asian IT House,4.9,-14.0,"Falcon Road, Khanna Pul",+92 343 5339186,https://asianithouse.com/,True,True,1,1
Islamabad,Graphiters - Software Development Company,4.4,-9.0,"2nd Floor, Plaza 93, D, 4 Ln 8",+92 334 5353228,https://graphiters.com/,True,True,1,1
Islamabad,Webtonix,4.9,-11.0,"House No, 77 Street 28, near PWD London Bakery",+92 321 2028272,http://webtonix.net/,True,True,1,1
Islamabad,Mitech Software Company,5.0,-6.0,·,+92 305 6400524,Not-Available,False,True,1,0
Islamabad,uExel,4.5,-4.0,"Office 2 2nd Floor Building, 140 Street 29",+92 334 5385426,https://uexel.com/,True,True,1,1
Islamabad,Ideal Software House,5.0,-3.0,"Bilal Arcade, Simly Dam Road",+92 345 5203534,Not-Available,False,True,1,0
Islamabad,"Sol Freaks Pvt. Ltd (Software House In Rawalpindi, Digital Marketing Agency In Rawalpindi)",4.2,-5.0,"Office f26, Mid City Shopping Mall",+92 312 5676066,https://solfreaks.com/,True,True,1,1
Islamabad,E Software House,5.0,-1.0,Flat # 85/6 mashood complex PAF base Nur Khan,+92 307 8723892,https://esoftwarehouse.com/,True,True,1,1
Islamabad,HSE Techno | Software Company | Best IT Company,3.3,-3.0,"D, Unit 6 Ground floor Belle Pierres",Not-Available,Not-Available,False,False,0,0
Islamabad,"eSOFT Private Limited, Office 211, 2nd Floor, Arooj Arcade, F-10 Markaz, Islamabad, Pakistan.",4.4,-5.0,House No 7 Street 57,+92 51 2223197,Not-Available,False,True,1,0
Islamabad,eyesoftech - software development company,4.0,-3.0,JXV5+RFF,+92 333 6660296,Not-Available,False,True,1,0
Islamabad,NxtGenSoft,4.7,-3.0,"P384+3X6, Street Number 35",+92 312 5001808,Not-Available,False,True,1,0
Islamabad,Pearl IT Solution Software and Web Development Islamabad,5.0,-2.0,"House No, 17 Street 2",+92 321 5839841,Not-Available,False,True,1,0
Islamabad,Barq Digital Solution - Software House in Islamabad,0.0,0.0,"Villa #89, Main Sumbal Rd",+92 346 1019006,Not-Available,False,True,1,0
Islamabad,Soft Tech Media (pvt) Limited,4.3,-26.0,·,+92 51 2851285,http://www.softtechmedia.com/,True,True,1,1
Islamabad,NeelumSoft,5.0,-9.0,Street Number 1,+92 348 5583387,Not-Available,False,True,1,0
Islamabad,TechNest,4.6,-18.0,"Plot 61, St 12",+92 51 2289328,http://technest.pk/,True,True,1,1
Islamabad,Komatsu Pakistan Soft (Pvt.) Ltd.,4.5,-46.0,·,+92 51 2260441,https://home.kps.komatsu/,True,True,1,1
Islamabad,TechnologyCell Ltd.,4.5,-4.0,St 53,+92 321 6221146,http://www.technologycell.co/,True,True,1,1
Islamabad,hileets,5.0,-1.0,"Hileets, Office 406, Cubator 1ne, Comsats University Islamabad Sunrise Avenue, Park Rd",+92 51 8430707,Not-Available,False,True,1,0
Islamabad,Tungsten Software Services,5.0,-4.0,"Building Number, Usmania Market, 4 Street 2",+92 344 8972687,Not-Available,False,True,1,0
Islamabad,"Mirza's House, Software Development, Web Development, Graphic Designing",4.0,-4.0,Saddar Rd,+974 3327 7875,Not-Available,False,True,1,0
Islamabad,eConceptions,4.7,-30.0,·,+92 51 2340278,http://www.econceptions.mobi/,True,True,1,1
Islamabad,Kreation.pk,5.0,-2.0,"Block H, G 7/2 Mascoe plaz Blue Area, Islamabad, Islamabad Capital Territory",+92 313 5498587,http://www.kreation.pk/,True,True,1,1
Islamabad,Islamabad Soft,5.0,-3.0,"Office No 16, 1st Floor, Mujahid Plaza, Jinnah Ave, near Sonehri Bank",+92 300 2737054,Not-Available,False,True,1,0
Islamabad,Xorlogics,4.9,-9.0,"No.2, 2nd Floor, Ahmed Center, I-8 Markaz",+92 51 4438627,http://www.xorlogics.com/,True,True,1,1
Islamabad,The Right Software,4.4,-33.0,·,+92 51 2754752,https://therightsw.com/,True,True,1,1
Islamabad,HA Softwares,4.0,-4.0,House 802 St 30,+92 300 5213536,Not-Available,False,True,1,0
Islamabad,BYTECODE (Private) Limited,5.0,-1.0,"Ahmad Center, 3rd Floor",+92 336 1520211,Not-Available,False,True,1,0
Islamabad,Pakistan Software Houses Association,5.0,-1.0,5-A Constitution Ave,Not-Available,Not-Available,False,False,0,0
Islamabad,MirwahTech Software & Web Development,4.0,-3.0,P3CH+GPW,Not-Available,Not-Available,False,False,0,0
Islamabad,I-Orbits Tech (Software House),5.0,-15.0,GT Rd,+92 307 5230948,https://iorbitstech.com/,True,True,1,1
Islamabad,Software House,0.0,0.0,"Freelancers, Sector I-11/3",Not-Available,Not-Available,False,False,0,0
Islamabad,Crawlbytes Pvt Ltd.Website Development Designing Services - SEO Company & Digital Marketing Services in Islamabad,4.9,-148.0,·,+92 330 3742275,https://crawlbytes.com/,True,True,1,1
Islamabad,Virtualatic (Software house),5.0,-15.0,"Office 8a, Plaza Property Zone Commmercial, Iqbal St",+92 314 5879766,Not-Available,False,True,1,0
Islamabad,Maanz Artificial Intelligence,4.5,-42.0,·,+92 51 2895034,http://maanz-ai.com/,True,True,1,1
Islamabad,Web Design Pakistan,4.3,-6.0,House 999 Street 93,+92 321 6575187,Not-Available,False,True,1,0
Islamabad,Web Hosting & Designer and Developers - Islamabad,5.0,-2.0,M39F+GXR,+92 332 5444035,https://www.hostechpk.com/,True,True,1,1
Islamabad,PK Softwares,0.0,0.0,"office 102, Ayub Plaza, Phase St 5-A",+92 346 0660358,https://www.pksoftwares.com/,True,True,1,1
Islamabad,Dependibot Solutions,4.6,-9.0,"Office #1, Third Floor, Times Square",+92 51 8350461,https://dependibot.com/,True,True,1,1
Karachi,iCreativez Technologies,4.8,-914.0,"Dominion center 1 main Jinnah Avenue, Behria Town Karachi",+92 333 0007008,https://www.icreativez.com/,True,True,1,1
Karachi,Best Software Company in Karachi Pakistan,5.0,-3.0,·,+974 7129 7305,https://www.itechavengers.com/,True,True,1,1
Karachi,Bit Technologies - Website development Company / Software House Karachi,4.9,-42.0,·,+92 310 5878854,https://bittechnologies.co/,True,True,1,1
Karachi,Johar Software House,4.9,-166.0,80-A,+92 21 34303521,http://www.joharhouse.com/,True,True,1,1
Karachi,Software House Pakistan,4.6,-21.0,Flat No F8? North View Appartment,+92 300 9247011,http://www.softwarehousepakistan.com/,True,True,1,1
Karachi,AWA Software House,4.0,-44.0,Goth Baluch Khan Rd,+92 323 2555864,http://www.awasoftware.com/,True,True,1,1
Karachi,Progatix,4.5,-73.0,"308 - 312, Clifton Center",+92 21 35293284,Not-Available,False,True,1,0
Karachi,Techlaa (Software House - Digital Marketing Agency),5.0,-40.0,·,+92 347 0468899,Not-Available,False,True,1,0
Karachi,Software house in karachi,4.9,-7.0,"Karachi, Nazimabad Block 2, Inquiry Office, Press Market",+92 317 1042174,Not-Available,False,True,1,0
Karachi,Sibisoft (Pvt.) Ltd.,4.7,-112.0,·,+92 21 32361335,Not-Available,False,True,1,0
Karachi,Folio3 Pvt Ltd,4.4,-356.0,"Folio3 Tower, Plot 26 Shahra-e-Faisal",+92 21 34323724,http://www.folio3.com/,True,True,1,1
Karachi,Disrupt.com (formerly Gaditek),4.4,-526.0,140-H Allama Iqbal Rd,+92 21 111 388 873,https://www.disrupt.com/,True,True,1,1
Karachi,Xtecsoft Pvt ltd,4.2,-43.0,"C, Street 23",+92 21 34010981,http://xtecsoft.com/,True,True,1,1
Karachi,MangoTech Solutions,4.7,-33.0,"704-705, Kawish Crown Plaza, Shahra-e-Faisal",+92 332 0374410,https://www.mangotechsolutions.com/,True,True,1,1
Karachi,Royal Cyber,4.4,-68.0,"Opposite: FTC, Office # 602-605, Emarah Suites, Shahra-e-Faisal",+92 21 32785009,https://www.royalcyber.com/,True,True,1,1
Karachi,Letscodify Solutions,4.8,-18.0,"4th Floor, Suite No# 430, Main Tariq Rd",+92 21 37223726,Not-Available,False,True,1,0
Karachi,Viftech Solutions Pvt Ltd,4.1,-46.0,·,+92 21 35122741,https://www.viftech.com/,True,True,1,1
Karachi,ICT Systems PVT Ltd.,4.3,-109.0,"2nd Floor, ICT Building, 9-A-1, Main Shahra-e-Faisal, beside Hotel Faran",+92 21 34303822,https://www.ictsystems.com.pk/,True,True,1,1
Karachi,Afiniti Karachi,4.6,-156.0,·,Not-Available,https://www.afiniti.com/,True,False,0,1
Karachi,ITechavengers Software House,4.5,-10.0,Gulzar-e-Hijri Sector 18 C Gulzar E Hijri Scheme 33 Karachi Karachi City Sindh,+92 313 2143992,https://www.itechavengers.com/,True,True,1,1
Karachi,Software Channel (Pvt.) Ltd.,4.8,-27.0,"Office No. D2, 2nd floor, Westland Trade Center Block 7/8, K.C.H.S.U Near Baloch Flyover, Shahra-e-Faisal",+92 21 34315226,http://www.softchan.com/,True,True,1,1
Karachi,AIMVIZ Pvt. Ltd - Digital Media and Software Development Company,4.2,-142.0,"AIMVIZ, Building # FL11/1? 1? opposite Safari Park",+92 21 34960335,https://www.aimviz.com/,True,True,1,1
Karachi,Aymeetech Software House,5.0,-9.0,"V3C8+XJH, Street # 2",+92 316 2660235,https://aymeetech.com/,True,True,1,1
Karachi,RIKSOF,4.2,-72.0,"Horizon Tower, 603, Kheyaban-e-Saadi",+92 21 35292676,http://www.riksof.com/,True,True,1,1
Karachi,Genetech Solutions,4.5,-121.0,166,+92 21 34558425,http://www.genetechsolutions.com/,True,True,1,1
Karachi,ITPixel Software House,4.5,-6.0,"Jasmeen Building, Shahra-e-Quaideen",+92 300 2202241,http://itpixel.net/,True,True,1,1
Karachi,Red Rhinoz - Software House,4.8,-5.0,"Office# 524, 5th Floor, Anum Blessing, Shahra-e-Faisal, near Anum Empire",+92 21 34380531,http://www.redrhinoz.com/,True,True,1,1
Karachi,HumanTek,4.7,-118.0,·,+92 331 3997788,https://thehumantek.com/,True,True,1,1
Karachi,Tech Sindhi Software House,5.0,-2.0,Zaibunnisa Street,+92 344 3910519,Not-Available,False,True,1,0
Karachi,Software House Pakistan,3.8,-6.0,"Suit No: B-88, Block - H, 13th street North Nazimabad",+92 333 3255268,http://www.softwarehousepakistan.com/,True,True,1,1
Karachi,TimeXperts,4.4,-96.0,·,+92 21 34324323,Not-Available,False,True,1,0
Karachi,Website & Mobile App Development Company | Software Development Company Karachi | High On Cyber,4.8,-8.0,Stadium Lane 2,+92 341 2427708,https://highoncyber.com/,True,True,1,1
Karachi,"AALogics | eCommerce, ERP, Mobile Apps & Digital Marketing Development Agency",4.3,-35.0,"Plot # C, 147",+92 332 0275790,https://www.aalogics.com/,True,True,1,1
Karachi,Software house,5.0,-1.0,"Plot no 17 block, 2 hussainabad 32",+92 335 5811984,Not-Available,False,True,1,0
Karachi,PerStack Software House & Solutions,4.0,-4.0,·,+92 343 2321765,http://perstack.com/,True,True,1,1
Karachi,Software House Pakistan,5.0,-2.0,"Plot No S, Marhaba Centre, 3 Rashid Minhas Rd, beside Lavish Dine, opposite to Askari IV",+92 314 2392129,http://www.softwarehousepakistan.com/,True,True,1,1
Karachi,ComSouls (Software House),4.4,-12.0,"UG-1, Falaknaz Plaza, Main Shahra-e-Faisal? opp. Airport",+92 334 1111958,http://comsoulstech.com/,True,True,1,1
Karachi,Cubix PECHS,4.7,-48.0,54C,+92 21 34526050,http://www.cubix.co/,True,True,1,1
Karachi,Developers Thrill | Software Company & IT Institute,5.0,-3.0,·,+92 332 2148534,http://developersthrill.org/,True,True,1,1
Karachi,ITechAvengers Software House,5.0,-2.0,"Suite# 412, 4th Floor, Park Avenue, Shahra-e-Faisal",+92 333 5242682,https://www.itechavengers.com/,True,True,1,1
Karachi,Modestic Software House,4.8,-8.0,R-618 5c,+92 319 8333284,Not-Available,False,True,1,0
Karachi,Software House,3.3,-6.0,36,+92 318 3119228,Not-Available,False,True,1,0
Karachi,Switcher Techno,4.5,-165.0,"Office# 331, 3rd Floor, Trade Avenue, I.I Chundrigar Rd",+92 324 2419744,http://www.switchertechno.com/,True,True,1,1
Karachi,Pixel Software House,5.0,-1.0,·,+92 334 2010272,Not-Available,False,True,1,0
Karachi,Appicoders Inc.,4.1,-72.0,·,+92 21 34327741,http://www.appicoders.com/,True,True,1,1
Karachi,Fetch Sky Technologies,4.8,-40.0,·,+92 333 2196539,http://www.fetchsky.com/,True,True,1,1
Karachi,Johar Software House,5.0,-5.0,"House no 288, Usmania colony, Nazimabad 1",+92 21 36602060,http://joharhouse.com/,True,True,1,1
Karachi,Avanza Solutions (Pvt.) Ltd.,4.4,-202.0,House No. 40/J-B,+92 21 111 282 692,https://www.avanzasolutions.com/,True,True,1,1
Karachi,Systechlogic,5.0,-17.0,"Suite No.614, Caesar's Tower, Main Shahra-e-Faisal",+92 346 3324491,https://systechlogic.com/,True,True,1,1
Karachi,Soften Software House,4.2,-5.0,"A-2748 Phase 2 Gulshan-e-Hadeed, Karachi, Pakistan",+92 301 2603616,Not-Available,False,True,1,0
Karachi,Software Company (LUITECH SYSTEMS (PVT) Ltd.) Saddar Chapter,5.0,-4.0,"Suit: 312, Third Floor, Mehboob Chambers",+92 348 2224151,https://luitechsys.luipos.com/,True,True,1,1
Karachi,M/I tech solution ( SOFTWARE HOUSE ),4.8,-4.0,"3rd block 2, L 2364 metroville",+92 316 2506808,Not-Available,False,True,1,0
Karachi,Aish Tycoons (Web Development Company),4.9,-78.0,"B, SHELOZONE CENTRE, Office A-7, 74 Main University Rd",+92 345 2800819,https://www.aishtycoons.com/,True,True,1,1
Karachi,Taqwa Apps (Software House),5.0,-1.0,·,+92 334 1111958,http://taqwaapps.com/,True,True,1,1
Karachi,CIS PVT LTD,4.3,-142.0,·,+92 21 34533312,https://cispl.com/,True,True,1,1
Karachi,Bestosoft- The best software house in Pakistan,5.0,-1.0,W26J+7CH,+92 301 4836286,http://www.bestosoft.co/,True,True,1,1
Karachi,Intelvue,4.9,-24.0,"1 /1-3P, 1st Floor, Rd",+92 323 2107411,https://www.intelvue.com/,True,True,1,1
Karachi,Sky software house,5.0,-6.0,R 37 PRECHS,+92 304 7664622,Not-Available,False,True,1,0
Karachi,Software House,4.4,-9.0,"Grace mall, Main University Rd",+92 300 2189609,Not-Available,False,True,1,0
Karachi,Tecbz,4.5,-64.0,"G-5, Ground Floor, Gold Apartment, 221 Sadhu Hiranand St",+92 21 32220060,https://www.tecbz.com/,True,True,1,1
Karachi,Shiwantek,5.0,-20.0,"2nd floor, Uzma Arcade",+92 313 2476866,http://shiwantek.com/,True,True,1,1
Karachi,Spacious Software House,5.0,-2.0,602 Al Rahim Tower I I Chundigar Road,+92 316 8940010,http://www.spaciouspk.com/,True,True,1,1
Karachi,Website and Mobile Application Development Company Karachi - Software Development Company Pakistan,5.0,-2.0,"1st Floor Building, Office 2B, 17-C Stadium Lane 2",+92 311 8016231,https://www.waqrosoft.com/,True,True,1,1
Karachi,Objects Pakistan,4.6,-16.0,·,+92 21 32802638,http://objects.pk/,True,True,1,1
Karachi,Software House,5.0,-1.0,R4JV+HFF,+92 335 3162725,Not-Available,False,True,1,0
Karachi,Software House,0.0,0.0,55-C Mezzanine Floor? 12 13th Commercial Street,+92 314 2156500,http://www.biznussoft.com/,True,True,1,1
Karachi,Tech Solution software house,5.0,-3.0,D-93,+92 331 0412344,Not-Available,False,True,1,0
Karachi,ISR software Services Pvt. Ltd,4.7,-10.0,"19 First Floor Old Ralli Building, Talpur Road, Off:, I.I Chundrigar Rd",+92 21 32418280,http://www.isrpl.com/,True,True,1,1
Karachi,Creative Souls (Software House),5.0,-1.0,·,+92 343 3312132,https://creativesouls.net/,True,True,1,1
Karachi,Software house,5.0,-1.0,block 11 1,Not-Available,Not-Available,False,False,0,0
Karachi,BMSAS Technologies,5.0,-9.0,"Third Floor, ECON Plaza",+44 7732 506572,http://bmsastech.com/,True,True,1,1
Karachi,KalSoft Pakistan,4.8,-4.0,"Suite 305, 3rd Floor, Business Arcade",+92 21 34548858 ext. 120,Not-Available,False,True,1,0
Karachi,kODRZ Software Company.,5.0,-1.0,·,+92 313 1232025,https://kodrz-mannananxari.vercel.app/,True,True,1,1
Karachi,InfoTech Private Limited,4.5,-26.0,"6th Floor, State Life Building No. 1, I.I Chundrigar Rd, opposite UBL Tower",+92 21 111 427 427,http://www.infotechgroup.com/,True,True,1,1
Karachi,Sassol Private Ltd,3.7,-17.0,"J, 9",+92 21 33371488,Not-Available,False,True,1,0
Karachi,Xiom Software Company - Creative Software Agency,5.0,-2.0,"Office# 105, 1st Floor, Progressive Square, Main Shahra-e-Faisal",+92 21 34380531,Not-Available,False,True,1,0
Karachi,CCODEZ | WEB DEVELOPMENT | SEO,5.0,-4.0,"Office No 4 Ground Floor Illaco House (Victoria, Abdullah Haroon Rd",+92 321 8068172,http://www.ccodez.com.pk/,True,True,1,1
Karachi,Active B Solutions,4.9,-35.0,"Office 515, 5th Floor, Madina City Mall, Abdullah Haroon Rd",+92 21 35221542,https://www.activebsolutions.com/,True,True,1,1
Karachi,Cyber Avanza,5.0,-14.0,"Office# S4, Mateen Shoppers Gallery, Just, Tariq Rd, opp. Rehmania Masjid?",+92 312 2086080,Not-Available,False,True,1,0
Karachi,software house,5.0,-1.0,quaidabad,+92 311 2805656,Not-Available,False,True,1,0
Karachi,Spectrum tech software and production house,4.8,-6.0,"Plot 76-C, Mezzanine Floor, Khayaban-e-Jami, D.H.A? Ext? Phase 7",+92 322 2812976,http://spectrum-tech.net/,True,True,1,1
Karachi,Software House,2.0,-1.0,"V4J6+MMV, Shahrah-e-Faisal",+92 318 8198816,Not-Available,False,True,1,0
Karachi,Reliable Technologies,4.9,-112.0,"G-52, central Plaza, Marston Rd",+92 310 2673651,https://reliabletech.pk/,True,True,1,1
Karachi,Inertiasoft Private Limited,4.4,-17.0,"14th & 15th floor, BRR Tower, I.I Chundrigar Rd",+92 21 34961138,https://inertiasoft.net/,True,True,1,1
Karachi,Software House,5.0,-1.0,north karachi 11-A,+92 315 0111674,Not-Available,False,True,1,0
Karachi,Paksofty Software House,5.0,-2.0,"R5PG+342, 4B Area Rd",+92 317 2301943,Not-Available,False,True,1,0
Karachi,Applied Software House,4.5,-4.0,"Flat No. 105, 106, Ellahbad Terrace, Plot 6",+92 336 2454230,http://www.jahangir.com/,True,True,1,1
Karachi,Intelligenes - Global Delivery Center,4.0,-37.0,"Dilkusha Forum, 7 Tariq Rd",+92 21 34540315,https://www.intelligenes.com/,True,True,1,1
Karachi,CLIXSTA - Website Designing & E-Commerce Web Development Company,5.0,-80.0,"Suit 1108, Kashif Center, Main Shahra-e-Faisal, near Hotel Mehran",+92 345 2065321,https://www.clixsta.com/,True,True,1,1
Karachi,Virtual Bay It Software House,5.0,-1.0,Plot C 164,+92 324 2147903,http://www.virtualbay.co/,True,True,1,1
Karachi,Software Developer,3.0,-2.0,W2RW+X9H,+92 333 2311951,Not-Available,False,True,1,0
Karachi,Apna Software House,3.9,-12.0,W47X+WJF,+92 331 2309633,Not-Available,False,True,1,0
Karachi,Mindflare Technologies,4.9,-16.0,"A-708, Saima Trade Tower, I.I Chundrigar Rd",+92 21 32275125,https://mindflaretech.net/,True,True,1,1
Karachi,Techwards,4.9,-17.0,"Suite no 216, 2nd Floor, Business Arcade",Not-Available,https://www.techwards.co/,True,False,0,1
Karachi,Access Group,4.3,-53.0,"R2W2+PRM, FF, Block F, Mehersons Estate, Talpur Road",+92 21 111 111 974,http://www.access.net.pk/,True,True,1,1
Karachi,AL-Rehman Technologies (ART),4.4,-67.0,·,+92 21 32782272,http://www.al-rehman.com/,True,True,1,1
Karachi,OBJECTUAL SYSTEMS LTD,3.8,-15.0,Plot 73 J,+92 300 1794141,Not-Available,False,True,1,0
Karachi,Softnox Technologies,3.1,-19.0,·,+92 21 33384782,Not-Available,False,True,1,0
Karachi,Soliters,5.0,-9.0,"1st Floor, Light House, Mohammadi Building",+92 322 2878644,http://soliters.co/,True,True,1,1
Karachi,SyberEdge: Point of Sale Software Development,4.3,-7.0,"Plot R 1064, Federal B Area",+92 300 9225562,http://www.syberedge.com/,True,True,1,1
Karachi,Geeks House,5.0,-5.0,·,+92 346 3200208,Not-Available,False,True,1,0
Karachi,Workstream Automation (Pvt) Limited,4.2,-40.0,"Mezzanine floor, Faiyaz Center, Shahra-e-Faisal",+92 21 34331502,https://workstreamautomation.com/,True,True,1,1
Karachi,Software house,1.0,-1.0,W5F2+W73,+92 328 2589943,Not-Available,False,True,1,0
Karachi,"Software house, website designing and production house in Karachi Pakistan - Spectrum Tech",3.0,-1.0,24th Commercial St,+92 312 2303629,http://spectrum-tech.net/,True,True,1,1
Karachi,Google workspace in Karachi Pakistan - WEBITECH,5.0,-15.0,·,+92 316 4790092,https://gworkspacepak.com/,True,True,1,1
Karachi,Webtrica | Web Design Karachi | Web Design Pakistan | Web Design Company Karachi | SEO | Mobile App Development,4.7,-32.0,·,+92 336 8476582,https://www.webtrica.com/,True,True,1,1
Karachi,PAZ Technologies,4.3,-12.0,"Progressive Plaza, Office # M-14 Mezzanine Floor, Beaumont Rd",+92 332 2033582,https://paz.agency/,True,True,1,1
Karachi,NoveArts Software House,3.0,-1.0,V37F+F62 Sandbox building,+92 333 2142737,Not-Available,False,True,1,0
Karachi,Wallsoft Technologies,4.4,-17.0,"A 9th Floor, Saima Trade Tower, 903 I.I Chundrigar Rd",+92 21 32638535,https://www.wallsofttech.com/,True,True,1,1
Karachi,Bari's Technology Solutions,4.1,-37.0,"Suite 502-504, Park Avenue, Shahra-e-Faisal",+92 21 34322405,http://www.baritechsol.com/,True,True,1,1
Karachi,Bohra Tech - Best Website Development in Pakistan,4.9,-9.0,"Office No# 809-3, 8th Floor, Fakhri Trade Centre, Shahrah-e-Liaquat, near Tayyabi Dawa Khana",+92 335 1365047,https://bohratech.com/,True,True,1,1
Karachi,Nubit Software,5.0,-6.0,"Suite 208-209 New PSX Building Stock Exchange Road, I.I Chundrigar Rd",+92 21 32428196,http://nubitsoft.com/,True,True,1,1
Karachi,Website Development Karachi,5.0,-1.0,"St-62, Jama Masjid Siddique Akbar RZ, Sector 11-A, Gulshan E Usman, North? Karach? Sector 11-A, Karachi, Pakistan",+92 321 9219977,Not-Available,False,True,1,0
Karachi,Bohra Developers,4.7,-69.0,"6B-3, 6th Floor, Fakhri Trade Centre, Shahrah-e-Liaquat",+92 21 32275252,https://www.bohradevelopers.com/,True,True,1,1
Karachi,Karachi Software Company,0.0,0.0,"House No. A-60 G-Floor, Sector 11 B North Karachi North, 11 B",+92 341 2260559,https://innovationalmedia.com/,True,True,1,1
Karachi,Curve Technologies Pvt Ltd,4.2,-6.0,"205 Japan Plaza, Muhammad Ali Jinnah Rd",+92 21 34169940,Not-Available,False,True,1,0
Karachi,Finosys (Private) Limited,4.5,-10.0,"Plot D, 38",+92 332 2255465,Not-Available,False,True,1,0
Karachi,V-Tech Solution,4.9,-14.0,"Suit no, 224 Glass Tower Street",+92 325 8549135,Not-Available,False,True,1,0
Karachi,ECrown Tech,4.2,-5.0,"Office No M78, merry wader Tower, Jillani Center",+92 331 3978670,http://www.ecrowntech.com/,True,True,1,1
Karachi,SellOut,3.5,-4.0,D19 / 1A Block 4 Clifton Karachi Pakistan,+92 311 1152622,Not-Available,False,True,1,0
